Date (UTC),180_to_180.1.delta,MacVim.dmg
2025-01-19 21:42:34,13,8
2025-01-20 03:53:21,19,16
2025-01-21 03:53:16,47,67
2025-01-22 03:53:13,63,87
2025-01-23 03:53:13,73,97
2025-01-24 03:53:15,81,103
2025-01-25 03:53:24,88,110
2025-01-26 03:53:27,94,118
2025-01-27 03:53:29,100,126
2025-01-28 03:53:21,107,137
2025-01-29 03:53:16,112,145
2025-01-30 03:53:19,116,151
2025-01-31 03:53:27,120,157
2025-02-01 03:53:18,123,166
2025-02-01 12:29:21,128,170
2025-02-02 03:53:13,128,171
2025-02-03 03:53:15,129,174
2025-02-04 03:53:14,129,174
2025-02-05 03:53:32,129,174
2025-02-06 03:53:12,129,174
2025-02-07 03:53:27,130,174
2025-02-08 03:53:15,130,174
2025-02-09 03:53:26,131,174
2025-02-10 03:53:22,131,175
2025-02-11 03:53:13,131,175
2025-02-12 03:53:18,131,175
2025-02-13 03:53:24,131,176
2025-02-14 03:53:17,131,176
2025-02-15 03:53:33,132,177
2025-02-16 03:53:20,132,177
2025-02-17 03:53:18,132,177
2025-02-18 03:53:19,132,177
2025-02-19 03:53:15,132,177
2025-02-20 03:53:23,132,177
2025-02-21 03:53:18,132,177
2025-02-21 08:24:50,132,177
2025-02-22 03:53:31,132,177
2025-02-23 03:53:23,132,177
2025-02-24 03:53:21,132,178
2025-02-25 03:53:14,132,178
2025-02-26 03:53:18,132,178
2025-02-27 03:53:15,132,178
2025-02-28 03:53:17,132,178
2025-03-01 03:53:12,132,178
2025-03-02 03:53:15,132,178
2025-03-03 03:54:08,133,178
2025-03-04 03:53:26,133,178
2025-03-05 03:53:25,133,178
2025-03-06 03:53:24,133,178
2025-03-07 03:53:13,133,178
2025-03-08 03:53:24,133,178
2025-03-09 03:53:32,133,178
2025-03-10 03:53:22,133,178
2025-03-11 03:53:18,133,178
2025-03-12 03:53:22,133,178
2025-03-13 03:55:14,133,178
2025-03-14 03:54:41,133,178
2025-03-15 03:53:18,133,178
2025-03-16 03:54:21,133,178
2025-03-17 03:54:56,133,178
2025-03-18 03:54:21,133,178
2025-03-19 03:53:43,133,178
2025-03-20 03:53:36,133,178
2025-03-21 03:55:07,133,178
2025-03-22 03:54:10,133,178
2025-03-23 03:54:18,133,178
2025-03-24 03:55:11,133,178
2025-03-25 03:54:43,133,178
2025-03-26 03:54:01,133,178
2025-03-27 03:55:54,133,178
2025-03-28 03:55:27,133,178
2025-03-28 21:54:24,133,178
2025-03-29 03:53:24,133,178
2025-03-30 03:56:22,133,178
2025-03-31 03:55:55,133,178
2025-04-01 04:00:07,133,178
2025-04-02 03:56:45,133,178
2025-04-03 03:56:12,133,178
2025-04-04 03:54:56,133,178
2025-04-05 03:53:21,133,178
2025-04-06 03:54:26,133,178
2025-04-07 03:55:27,133,178
2025-04-08 03:55:19,133,178
2025-04-09 03:55:29,133,178
2025-04-10 03:55:43,133,178
2025-04-11 03:55:33,133,178
2025-04-12 03:53:40,133,178
2025-04-13 04:40:57,133,178
2025-04-14 03:57:41,133,178
2025-04-15 03:56:21,133,178
2025-04-16 03:56:33,133,178
2025-04-17 03:56:25,133,178
2025-04-18 03:55:27,133,178
2025-04-19 03:54:37,133,178
2025-04-20 03:56:51,133,178
2025-04-21 03:59:54,133,178
2025-04-22 03:57:39,133,178
2025-04-23 03:56:04,133,178
2025-04-24 03:56:48,133,178
2025-04-25 03:56:22,133,178
2025-04-26 03:55:15,133,178
2025-04-27 03:56:42,133,178
2025-04-28 03:59:16,133,178
2025-04-29 03:56:50,133,178
2025-04-30 03:56:46,133,178
2025-05-01 04:02:57,133,178
2025-05-02 03:58:46,133,178
2025-05-03 03:56:25,133,178
2025-05-04 04:01:32,133,178
2025-05-05 04:00:43,133,178
2025-05-06 03:57:57,133,178
2025-05-07 03:59:40,133,178
2025-05-08 04:00:10,133,178
2025-05-09 04:00:05,133,178
2025-05-10 03:56:31,133,178
2025-05-11 04:00:40,133,178
2025-05-12 04:01:44,133,178
2025-05-13 04:00:35,133,178
2025-05-14 03:59:44,133,178
2025-05-15 03:59:46,133,178
2025-05-16 04:01:12,133,178
2025-05-17 03:56:38,133,178
2025-05-18 04:03:41,133,178
2025-05-19 04:15:10,133,178
2025-05-20 04:00:33,133,178
2025-05-21 04:00:45,133,178
2025-05-22 04:00:27,133,178
2025-05-23 04:00:01,133,178
2025-05-24 03:56:31,133,178
2025-05-25 04:13:27,133,178
2025-05-26 04:03:19,133,178
2025-05-27 04:03:37,133,178
2025-05-28 04:01:09,133,178
2025-05-29 04:01:58,133,179
2025-05-30 04:00:18,134,179
2025-05-31 03:59:44,134,179
2025-06-01 04:23:01,134,179
2025-06-02 04:17:54,134,179
2025-06-03 04:13:55,134,179
2025-06-04 04:13:56,134,179
2025-06-05 04:15:09,134,179
2025-06-06 04:03:35,134,179
2025-06-07 04:00:41,134,179
2025-06-08 04:18:30,134,179
2025-06-09 04:18:46,134,179
2025-06-10 04:16:01,134,179
2025-06-11 04:16:31,134,179
2025-06-12 04:14:30,134,179
2025-06-13 04:15:16,134,179
2025-06-14 04:00:44,134,179
2025-06-15 04:17:26,134,179
2025-06-16 04:19:32,134,179
2025-06-17 04:16:06,134,179
2025-06-18 04:16:15,134,179
2025-06-19 04:15:49,134,179
2025-06-20 04:14:21,134,179
2025-06-21 04:01:38,134,179
2025-06-22 04:18:21,134,179
2025-06-23 04:21:21,134,179
2025-06-24 04:17:24,134,179
2025-06-25 04:18:09,134,179
2025-06-26 04:16:18,134,179
2025-06-27 04:16:41,134,179
2025-06-28 04:01:23,134,179
2025-06-29 04:21:28,134,179
2025-06-30 04:20:30,134,179
2025-07-01 04:25:13,134,179
2025-07-02 04:17:30,134,179
2025-07-03 04:19:37,134,179
2025-07-04 04:17:15,134,179
2025-07-05 04:02:45,134,179
2025-07-06 04:20:47,134,179
2025-07-07 04:21:29,134,179
2025-07-08 04:17:59,134,179
2025-07-09 04:21:30,134,179
2025-07-10 04:19:37,134,179
2025-07-11 04:23:26,134,179
2025-07-12 04:18:39,134,179
2025-07-13 04:24:54,134,179
2025-07-14 04:29:06,134,179
2025-07-15 04:26:07,134,179
2025-07-16 04:24:42,134,179
2025-07-17 04:24:05,134,179
2025-07-18 04:25:43,134,179
2025-07-19 04:18:27,134,179
2025-07-20 04:31:23,134,179
2025-07-21 04:31:41,134,179
2025-07-22 04:25:57,134,179
2025-07-23 04:27:50,134,179
2025-07-24 04:26:24,134,179
2025-07-25 04:25:44,134,179
2025-07-26 04:22:14,134,179
2025-07-27 04:32:35,134,179
2025-07-28 04:34:20,134,179
2025-07-29 04:35:50,134,179
2025-07-30 04:31:33,134,179
2025-07-31 04:29:40,134,179
2025-08-01 04:41:52,134,179
2025-08-02 04:21:40,134,179
2025-08-03 04:36:53,134,179
2025-08-04 04:44:55,134,179
2025-08-05 04:36:25,134,179
2025-08-06 04:33:15,134,179
2025-08-07 04:33:08,134,179
2025-08-08 04:32:44,134,179
2025-08-09 04:16:43,134,179
2025-08-10 04:28:49,134,179
2025-08-11 04:31:35,134,179
2025-08-12 04:15:33,134,179
2025-08-13 04:17:52,134,179
2025-08-14 04:17:22,134,179
2025-08-15 04:18:07,134,179
2025-08-16 04:02:09,134,179
2025-08-17 04:19:50,134,179
2025-08-18 04:25:50,134,179
2025-08-19 03:59:32,134,179
2025-08-20 03:58:29,134,179
2025-08-21 03:58:15,134,179
2025-08-22 03:58:17,134,179
2025-08-23 03:55:25,134,179
2025-08-24 04:13:01,134,179
2025-08-25 04:03:41,134,179
2025-08-26 03:59:24,134,179
2025-08-27 03:54:58,134,179
2025-08-28 03:55:20,134,179
2025-08-29 03:54:55,134,179
2025-08-30 03:53:17,134,179
2025-08-31 03:55:58,134,179
2025-09-01 04:17:14,134,179
2025-09-02 03:57:18,134,179
2025-09-03 03:53:13,134,179
2025-09-04 03:53:13,134,179
2025-09-05 03:53:51,134,179
2025-09-06 03:53:12,134,179
2025-09-07 03:53:43,134,179
2025-09-08 03:56:47,134,179
2025-09-09 03:54:37,134,179
2025-09-10 03:53:23,134,179
2025-09-11 03:54:06,134,179
2025-09-12 03:53:13,134,179
2025-09-13 03:53:11,134,179
2025-09-14 03:53:29,134,179
2025-09-15 03:57:04,134,179
2025-09-16 03:53:09,134,179
2025-09-17 03:53:18,134,179
2025-09-18 03:53:48,134,179
2025-09-19 03:53:59,134,179
2025-09-20 03:53:23,134,179
2025-09-21 03:55:58,134,179
2025-09-22 03:56:45,134,179
2025-09-23 03:53:28,134,179
2025-09-24 03:53:23,134,179
2025-09-25 03:54:21,134,179
2025-09-26 03:53:11,134,179
2025-09-27 03:53:19,134,179
2025-09-28 03:55:58,134,179
2025-09-29 03:55:52,134,179
2025-09-30 03:53:35,134,179
2025-10-01 03:57:56,134,179
2025-10-02 03:53:21,134,179
2025-10-03 03:53:15,134,179
2025-10-04 03:53:09,134,179
2025-10-05 03:53:19,134,179
2025-10-06 03:54:01,134,179
2025-10-07 03:53:46,134,179
2025-10-08 03:53:25,134,179
2025-10-09 03:54:17,134,179
2025-10-10 03:53:54,134,179
2025-10-11 03:53:18,134,179
2025-10-12 03:53:43,134,179
2025-10-13 03:58:44,134,179
2025-10-14 03:54:09,134,179
2025-10-15 03:55:34,134,179
2025-10-16 03:55:43,134,179
2025-10-17 03:54:59,134,179
2025-10-18 03:53:26,134,179
2025-10-19 04:00:55,134,179
2025-10-20 04:03:30,134,179
2025-10-21 03:55:52,134,179
2025-10-22 03:59:29,134,179
2025-10-23 03:55:15,134,179
2025-10-24 03:54:33,134,179
2025-10-25 03:54:46,134,179
2025-10-26 03:57:40,134,179
2025-10-27 04:16:40,134,179
2025-10-28 03:58:11,134,179
2025-10-29 04:03:27,134,179
2025-10-30 03:59:03,134,179
2025-10-30 20:56:39,134,179
2025-10-31 03:59:38,134,179
2025-11-01 03:58:19,134,179
2025-11-02 04:01:07,134,179
2025-11-03 04:15:13,134,179
2025-11-04 03:58:42,134,179
2025-11-05 04:00:25,134,179
2025-11-06 04:02:50,134,179
2025-11-07 03:59:08,134,179
2025-11-08 03:55:02,134,179
2025-11-09 03:59:30,134,179
2025-11-10 04:14:43,134,179
2025-11-11 04:02:15,134,179
2025-11-12 04:00:33,134,179
2025-11-13 04:03:10,134,179
2025-11-14 04:01:02,134,179
2025-11-15 03:56:34,134,179
2025-11-16 04:13:14,134,179
2025-11-17 04:03:21,134,179
2025-11-18 04:00:34,134,179
2025-11-19 04:00:08,134,179
2025-11-20 03:59:09,134,179
2025-11-21 03:59:12,134,179
2025-11-22 03:55:49,134,179
2025-11-23 04:20:01,134,179
2025-11-24 04:20:37,134,179
2025-11-25 04:03:38,134,179
2025-11-26 04:03:10,134,179
2025-11-27 04:00:25,134,179
2025-11-28 04:00:26,134,179
2025-11-29 03:59:41,134,179
2025-11-30 04:20:42,134,179
2025-12-01 04:37:59,134,179
2025-12-02 04:17:37,134,179
2025-12-03 04:15:57,134,179
2025-12-04 04:17:00,134,179
2025-12-05 04:16:40,134,179
2025-12-06 03:58:14,134,179
2025-12-07 04:20:24,134,179
2025-12-08 04:20:19,134,179
2025-12-09 04:16:14,134,179
2025-12-10 04:19:43,134,179
2025-12-11 04:21:26,134,179
2025-12-12 04:20:36,134,179
2025-12-13 04:03:45,134,179
2025-12-14 04:23:24,134,179
2025-12-15 04:28:38,134,179
2025-12-16 04:21:23,134,179
2025-12-17 04:20:07,134,179
2025-12-18 04:20:49,134,179
2025-12-19 04:21:00,134,179
2025-12-20 04:03:36,134,179
2025-12-21 04:24:04,134,179
2025-12-22 04:28:48,134,179
2025-12-23 04:23:56,134,179
2025-12-24 04:22:11,134,179
2025-12-25 04:23:46,134,179
2025-12-26 04:21:22,134,179
2025-12-27 04:19:10,134,179
2025-12-28 04:33:41,134,179
2025-12-29 04:37:52,134,179
2025-12-30 04:25:26,134,179
2025-12-31 04:24:42,134,179
2026-01-01 04:37:00,134,179
2026-01-02 04:28:03,134,179
2026-01-03 04:19:12,134,179
2026-01-04 04:37:25,134,179
2026-01-05 04:45:01,134,179
2026-01-06 04:26:45,134,179
2026-01-07 04:27:52,134,179
2026-01-08 04:26:33,134,179
2026-01-09 04:27:38,134,179
2026-01-10 04:20:25,134,179
2026-01-11 04:36:37,134,179
2026-01-12 04:38:35,134,179
2026-01-13 04:27:13,134,179
2026-01-14 04:36:24,134,179
2026-01-15 04:29:18,134,179
2026-01-16 04:27:28,134,179
2026-01-17 04:19:03,134,179
2026-01-18 04:30:58,134,179
2026-01-19 04:40:23,134,179
2026-01-20 04:33:35,134,179
2026-01-21 04:33:15,134,179
2026-01-22 04:37:21,134,179
2026-01-23 04:30:53,134,179
2026-01-24 04:21:34,134,179
2026-01-25 04:40:39,134,179
2026-01-26 04:43:54,134,179
2026-01-27 04:35:50,134,179
2026-01-28 04:33:37,134,179
2026-01-29 04:57:55,134,179
2026-01-30 05:00:15,134,179
2026-01-31 04:52:01,134,179
2026-02-01 05:15:15,134,179
2026-02-02 05:16:03,134,179
2026-02-03 05:07:20,134,179
2026-02-04 05:01:31,134,179
2026-02-05 05:08:47,135,180
2026-02-06 05:07:01,135,180
2026-02-07 04:57:08,135,180
2026-02-08 05:16:59,136,180
2026-02-09 05:20:22,136,181
2026-02-10 05:21:06,136,181
2026-02-11 05:19:28,136,181
2026-02-12 05:16:54,136,181
2026-02-13 05:12:12,136,181
2026-02-14 05:00:55,136,181
2026-02-15 05:11:01,136,181
2026-02-16 05:19:08,136,181
2026-02-17 05:12:14,136,181
2026-02-18 05:13:43,136,181
2026-02-19 05:12:29,136,181
2026-02-20 05:08:00,136,181
2026-02-21 04:56:18,136,181
2026-02-22 05:08:16,136,181
2026-02-23 05:17:33,136,181
2026-02-24 05:12:20,136,181
2026-02-25 05:14:42,136,181
2026-02-26 05:11:19,136,181
2026-02-27 05:06:45,136,181
2026-02-28 04:43:48,136,181
2026-03-01 05:10:03,136,181
2026-03-02 05:07:20,136,181
2026-03-03 05:07:13,136,181
2026-03-04 05:00:59,136,181
2026-03-05 05:05:24,136,181
2026-03-06 05:02:10,136,181
2026-03-07 04:50:03,136,181
2026-03-08 05:02:35,136,181
2026-03-09 05:11:10,136,181
2026-03-10 05:02:07,136,181
2026-03-11 05:03:24,136,181
2026-03-12 05:07:37,136,181
2026-03-13 05:05:38,136,181
2026-03-14 05:02:42,136,181
2026-03-15 05:22:34,136,181
2026-03-16 05:32:53,136,181
2026-03-17 05:12:37,136,181
2026-03-18 05:17:51,136,181
2026-03-19 05:13:29,136,181
2026-03-20 05:08:20,136,181
2026-03-21 04:57:37,136,181
2026-03-22 05:10:54,136,181
2026-03-23 05:23:44,136,181
2026-03-24 05:14:34,136,181
2026-03-25 05:14:31,136,181
2026-03-26 05:25:00,136,181
2026-03-27 05:26:07,136,181
2026-03-28 05:13:05,136,181
2026-03-29 05:28:20,136,181
2026-03-30 05:51:24,136,181
2026-03-31 05:28:23,136,181
2026-04-01 05:47:39,136,181
2026-04-02 05:23:49,136,181
2026-04-03 05:25:18,136,181
2026-04-04 05:12:55,136,181
2026-04-05 05:29:52,136,181
2026-04-06 05:51:11,136,181
2026-04-07 05:29:18,136,181
2026-04-08 05:30:10,136,181
2026-04-08 09:03:04,136,181
2026-04-09 05:30:52,136,181
2026-04-10 05:49:47,136,181
2026-04-11 05:16:43,136,181
2026-04-12 05:46:27,136,181
2026-04-13 06:03:30,136,181
2026-04-14 05:50:43,136,181
2026-04-15 05:50:52,136,181
2026-04-16 05:51:15,136,181
2026-04-17 05:53:33,136,181
2026-04-18 05:25:57,136,181
2026-04-19 05:49:22,136,181
2026-04-20 06:03:43,136,181
2026-04-21 05:53:09,136,181
2026-04-22 05:51:52,136,181
2026-04-23 05:54:20,136,182
2026-04-24 05:57:10,136,182
2026-04-25 05:31:21,136,182
2026-04-26 05:57:29,136,182
2026-04-27 06:16:51,136,182
2026-04-28 06:19:27,136,182
2026-04-29 06:13:39,136,182
2026-04-30 06:17:29,136,182
2026-05-01 06:28:37,136,182
2026-05-02 05:55:20,136,182
2026-05-03 06:16:50,136,182
2026-05-04 06:30:12,136,182
2026-05-05 06:04:42,136,182
2026-05-06 06:19:35,136,182
2026-05-07 06:26:04,136,182
2026-05-08 05:47:15,136,182
2026-05-09 06:04:55,136,182
2026-05-10 06:25:42,136,182
2026-05-11 06:55:06,136,182
2026-05-12 06:28:23,136,182
2026-05-13 06:39:03,136,182
2026-05-14 06:38:01,136,182
2026-05-15 06:47:18,136,182
2026-05-16 06:12:22,136,182
2026-05-17 06:36:36,136,182
2026-05-18 07:47:19,136,182
2026-05-19 07:01:58,136,182
2026-05-20 07:02:20,136,182
2026-05-21 07:36:32,136,182
2026-05-22 07:02:12,136,182
2026-05-23 06:25:14,136,182
2026-05-24 06:51:13,136,183
2026-05-25 08:06:36,136,183
2026-05-26 07:01:16,136,183
2026-05-27 07:49:56,136,183
2026-05-28 07:42:39,136,183
2026-05-29 07:40:59,136,183
2026-05-30 06:36:55,136,183
2026-05-31 07:34:30,136,183
2026-06-01 09:03:55,136,183
2026-06-02 08:14:53,136,183
2026-06-03 08:42:51,136,183
2026-06-04 08:07:35,136,183
2026-06-05 07:55:15,136,183
2026-06-06 06:43:12,136,183
2026-06-07 07:43:12,136,183
2026-06-08 08:30:00,136,183
2026-06-09 07:32:49,136,183
2026-06-10 07:55:36,136,183
2026-06-11 08:23:18,136,183
2026-06-12 08:10:44,136,183
2026-06-13 07:35:42,136,183
2026-06-14 08:03:49,136,183
2026-06-15 09:46:46,136,183
2026-06-16 09:11:28,136,183
2026-06-17 08:49:37,136,183
2026-06-18 08:26:11,136,183
2026-06-19 08:53:44,136,183
2026-06-20 07:38:13,136,183
2026-06-21 08:17:15,136,183
2026-06-22 09:32:46,136,183
2026-06-23 03:15:28,136,183
2026-06-23 07:32:54,136,183
