Date (UTC),177_to_179.delta,178.1_to_179.delta,178_to_179.delta,MacVim.dmg,MacVim_10.9.dmg
2024-01-05 06:07:20,0,0,0,0,0
2024-01-05 07:17:35,3,2,83,68,3
2024-01-05 14:22:13,22,23,601,403,10
2024-01-05 18:55:22,45,35,1124,590,13
2024-01-05 22:47:37,70,43,1568,719,17
2024-01-06 00:55:52,75,46,1752,782,18
2024-01-06 03:53:13,87,51,1946,867,22
2024-01-07 01:23:07,117,71,2856,1385,39
2024-01-07 03:53:15,123,77,2916,1433,41
2024-01-08 03:53:21,161,90,3719,1918,54
2024-01-09 03:53:20,238,112,5140,2548,67
2024-01-10 03:53:18,293,121,6175,3084,84
2024-01-11 03:53:29,342,128,6952,3575,104
2024-01-12 03:53:12,387,134,7598,4026,115
2024-01-13 03:53:20,414,142,8152,4400,121
2024-01-14 03:53:19,436,144,8424,4688,132
2024-01-15 03:53:37,458,149,8735,4980,142
2024-01-16 03:53:10,487,155,9175,5381,152
2024-01-17 03:53:26,515,157,9654,5791,160
2024-01-18 03:53:37,546,159,10062,6173,174
2024-01-19 03:53:19,590,162,10420,6586,193
2024-01-20 03:53:16,619,166,10729,6949,205
2024-01-21 03:53:17,639,169,10896,7246,219
2024-01-22 03:53:23,660,172,11122,7528,232
2024-01-23 03:53:39,695,174,11430,7957,250
2024-01-24 03:53:17,723,178,11720,8334,265
2024-01-25 03:53:27,754,185,11990,8707,270
2024-01-26 03:53:24,773,187,12226,9059,292
2024-01-27 03:53:18,805,189,12441,9392,304
2024-01-28 03:53:14,824,189,12583,9638,307
2024-01-29 03:53:12,840,191,12729,9919,319
2024-01-30 03:53:30,869,194,12953,10251,332
2024-01-31 03:53:33,900,195,13171,10603,340
2024-02-01 03:53:22,920,199,13393,10983,371
2024-02-02 03:53:19,947,199,13621,11370,386
2024-02-03 03:53:31,965,200,13772,11704,411
2024-02-04 03:53:21,979,204,13884,11939,420
2024-02-05 03:53:21,994,205,14015,12232,444
2024-02-06 03:53:24,1013,206,14176,12626,454
2024-02-07 03:53:31,1033,210,14348,12995,468
2024-02-08 03:53:21,1060,210,14510,13394,489
2024-02-09 03:53:23,1087,213,14674,13794,498
2024-02-10 03:53:26,1115,213,14831,14142,507
2024-02-11 03:53:21,1126,215,14898,14381,514
2024-02-12 03:53:28,1140,215,14974,14624,520
2024-02-13 03:53:14,1156,215,15115,14932,565
2024-02-14 03:53:17,1173,216,15254,15253,583
2024-02-15 03:53:15,1195,216,15385,15600,593
2024-02-16 03:53:31,1214,217,15515,15965,602
2024-02-17 03:53:20,1236,217,15607,16249,614
2024-02-18 03:53:31,1251,218,15682,16482,625
2024-02-19 03:53:23,1267,219,15767,16711,633
2024-02-20 03:53:34,1286,222,15884,17042,646
2024-02-21 03:53:29,1306,223,15989,17381,657
2024-02-22 03:53:12,1332,223,16095,17703,674
2024-02-23 03:55:09,1358,224,16190,18061,714
2024-02-24 03:53:17,1372,224,16272,18360,746
2024-02-25 03:53:11,1377,226,16330,18623,773
2024-02-26 03:53:25,1388,227,16400,18852,813
2024-02-27 03:53:20,1402,227,16499,19183,843
2024-02-28 03:53:12,1418,229,16596,19538,865
2024-02-29 03:53:12,1438,231,16696,19885,878
2024-03-01 03:53:27,1454,234,16779,20241,891
2024-03-02 03:53:09,1466,236,16865,20530,927
2024-03-03 03:53:13,1475,237,16927,20755,973
2024-03-04 04:02:39,1490,237,16974,20979,996
2024-03-05 03:53:13,1505,237,17044,21283,1008
2024-03-06 03:53:20,1526,239,17131,21625,1026
2024-03-07 03:53:31,1552,240,17195,21978,1052
2024-03-08 03:53:32,1568,240,17272,22322,1061
2024-03-09 03:53:28,1586,241,17338,22625,1109
2024-03-10 03:53:21,1596,242,17374,22823,1126
2024-03-11 03:53:16,1605,243,17434,23054,1136
2024-03-12 03:53:18,1622,244,17507,23390,1144
2024-03-13 03:53:18,1638,246,17591,23675,1158
2024-03-14 03:53:25,1657,246,17664,24001,1173
2024-03-15 03:53:17,1675,246,17734,24326,1201
2024-03-16 03:53:19,1683,247,17793,24666,1212
2024-03-17 03:53:12,1693,247,17821,24904,1241
2024-03-18 03:53:30,1703,247,17863,25136,1251
2024-03-19 03:53:33,1717,249,17933,25481,1275
2024-03-20 03:53:22,1730,249,17995,25799,1280
2024-03-21 03:53:12,1748,251,18052,26142,1294
2024-03-22 03:53:21,1756,251,18117,26463,1312
2024-03-23 03:53:11,1769,251,18168,26762,1323
2024-03-24 03:53:25,1773,252,18203,27023,1345
2024-03-25 03:53:33,1783,252,18233,27257,1351
2024-03-26 03:53:13,1794,252,18286,27596,1358
2024-03-27 03:53:14,1804,253,18331,27920,1379
2024-03-28 03:53:32,1819,254,18378,28262,1393
2024-03-29 03:53:29,1834,255,18428,28598,1418
2024-03-30 03:53:18,1846,255,18483,28889,1431
2024-03-31 03:53:11,1861,255,18513,29115,1448
2024-04-01 03:53:23,1866,255,18552,29339,1457
2024-04-02 03:53:31,1879,255,18599,29676,1473
2024-04-03 03:53:14,1890,255,18649,29990,1486
2024-04-04 03:53:10,1907,255,18694,30346,1499
2024-04-05 03:53:13,1916,255,18732,30699,1510
2024-04-06 03:53:14,1925,255,18780,30971,1527
2024-04-07 03:53:26,1933,255,18814,31199,1542
2024-04-08 03:53:15,1941,256,18843,31433,1555
2024-04-09 03:53:14,1956,256,18894,31784,1564
2024-04-10 03:53:33,1972,256,18926,32103,1572
2024-04-11 03:53:36,1978,257,18969,32431,1588
2024-04-12 03:53:11,1986,258,19019,32759,1604
2024-04-13 03:53:10,1996,258,19054,33052,1619
2024-04-14 04:01:59,2005,258,19077,33291,1627
2024-04-15 04:23:16,2012,258,19109,33506,1637
2024-04-16 03:53:35,2018,258,19146,33798,1643
2024-04-17 03:53:16,2027,259,19191,34123,1651
2024-04-18 03:53:37,2041,259,19224,34458,1664
2024-04-19 03:53:19,2056,259,19257,34784,1677
2024-04-20 03:53:37,2061,259,19291,35091,1689
2024-04-21 03:53:20,2067,259,19319,35321,1692
2024-04-22 03:53:15,2073,259,19343,35560,1700
2024-04-23 03:53:15,2082,260,19382,35867,1710
2024-04-24 03:53:12,2093,261,19424,36203,1720
2024-04-25 03:53:28,2102,262,19456,36513,1741
2024-04-26 03:53:18,2109,263,19483,36811,1758
2024-04-27 03:53:16,2114,265,19509,37080,1770
2024-04-28 03:53:16,2122,266,19534,37286,1784
2024-04-29 03:53:19,2128,266,19562,37543,1793
2024-04-30 03:53:33,2135,267,19592,37856,1805
2024-05-01 03:53:14,2146,267,19621,38139,1817
2024-05-02 03:53:22,2154,267,19646,38416,1822
2024-05-03 03:53:19,2161,267,19681,38716,1829
2024-05-04 03:53:25,2166,267,19712,38987,1839
2024-05-05 03:53:31,2173,268,19731,39204,1845
2024-05-06 03:53:27,2176,268,19749,39408,1864
2024-05-07 03:53:52,2182,268,19777,39712,1871
2024-05-08 03:53:12,2195,268,19797,40024,1886
2024-05-09 03:53:17,2204,269,19822,40292,1899
2024-05-10 03:53:30,2208,269,19851,40576,1907
2024-05-11 03:53:22,2213,270,19873,40857,1917
2024-05-12 03:53:11,2222,270,19886,41062,1929
2024-05-13 03:53:19,2224,270,19902,41251,1934
2024-05-14 03:53:18,2230,271,19937,41558,1941
2024-05-15 03:53:26,2238,272,19970,41874,1950
2024-05-16 03:53:33,2247,272,20010,42189,1958
2024-05-17 03:53:28,2257,273,20028,42494,1975
2024-05-18 03:53:28,2263,274,20048,42773,1989
2024-05-19 03:53:16,2265,275,20061,42958,1997
2024-05-20 03:53:19,2276,275,20077,43151,2002
2024-05-21 03:53:26,2278,275,20100,43416,2011
2024-05-22 03:53:25,2286,275,20135,43786,2029
2024-05-23 03:53:33,2291,275,20170,44123,2040
2024-05-24 03:53:22,2299,275,20198,44423,2052
2024-05-25 03:53:20,2307,276,20221,44672,2059
2024-05-26 03:53:15,2316,276,20231,44882,2068
2024-05-27 03:53:24,2323,276,20241,45090,2071
2024-05-28 03:53:24,2330,276,20262,45365,2079
2024-05-29 03:53:11,2341,276,20285,45682,2088
2024-05-30 03:53:24,2345,276,20306,45997,2102
2024-05-31 03:53:13,2351,276,20333,46300,2113
2024-06-01 03:53:19,2360,276,20348,46577,2125
2024-06-02 03:53:23,2364,276,20361,46787,2135
2024-06-03 03:53:19,2368,276,20379,46996,2140
2024-06-04 03:53:23,2377,276,20406,47266,2150
2024-06-05 03:53:27,2385,276,20432,47554,2161
2024-06-06 03:53:35,2392,276,20454,47822,2167
2024-06-07 03:53:13,2400,276,20468,48071,2177
2024-06-08 03:53:30,2409,277,20485,48309,2194
2024-06-09 03:53:25,2413,277,20494,48491,2201
2024-06-10 03:53:13,2417,277,20513,48688,2201
2024-06-11 03:53:37,2420,277,20532,48958,2209
2024-06-12 03:53:30,2428,277,20548,49244,2217
2024-06-13 03:53:29,2442,278,20564,49512,2227
2024-06-14 03:53:23,2446,278,20591,49771,2234
2024-06-15 03:53:19,2451,278,20617,50009,2249
2024-06-16 03:53:27,2459,278,20626,50200,2262
2024-06-17 03:53:13,2463,278,20642,50399,2267
2024-06-18 03:53:11,2473,278,20658,50642,2271
2024-06-19 03:53:13,2480,278,20679,50940,2282
2024-06-20 03:53:28,2486,278,20697,51181,2294
2024-06-21 03:53:22,2494,278,20711,51427,2301
2024-06-22 03:53:27,2505,279,20723,51669,2319
2024-06-23 03:53:22,2511,279,20733,51853,2325
2024-06-24 03:53:12,2514,279,20743,52056,2330
2024-06-25 03:53:21,2520,282,20760,52323,2335
2024-06-26 03:53:19,2532,282,20775,52598,2351
2024-06-27 03:53:18,2537,282,20791,52871,2366
2024-06-28 03:53:26,2546,282,20807,53137,2378
2024-06-29 03:53:35,2553,282,20822,53385,2389
2024-06-30 03:53:24,2556,282,20831,53599,2405
2024-07-01 03:53:19,2560,282,20841,53788,2412
2024-07-02 03:53:17,2563,282,20858,54043,2428
2024-07-03 03:53:33,2573,283,20876,54276,2438
2024-07-04 03:53:09,2579,283,20885,54535,2454
2024-07-05 03:53:21,2583,283,20906,54756,2474
2024-07-06 03:53:14,2589,283,20917,55001,2484
2024-07-07 03:53:29,2591,283,20928,55177,2490
2024-07-08 03:53:16,2595,283,20936,55376,2495
2024-07-09 03:53:24,2603,284,20953,55640,2510
2024-07-10 03:53:23,2608,284,20973,55928,2525
2024-07-11 03:53:34,2614,285,20985,56184,2538
2024-07-12 03:53:30,2617,285,20992,56430,2546
2024-07-13 03:53:27,2621,285,21005,56638,2561
2024-07-14 03:53:29,2624,285,21016,56802,2567
2024-07-15 03:53:10,2627,285,21025,56953,2573
2024-07-16 03:53:27,2632,285,21036,57225,2584
2024-07-17 03:53:26,2641,285,21048,57504,2599
2024-07-18 03:53:12,2644,285,21064,57733,2615
2024-07-19 03:53:30,2651,285,21074,57966,2621
2024-07-20 03:53:12,2651,285,21091,58192,2632
2024-07-21 03:53:34,2652,285,21098,58389,2640
2024-07-22 03:53:28,2656,285,21110,58581,2642
2024-07-23 03:53:11,2659,285,21126,58832,2658
2024-07-24 03:53:27,2662,285,21142,59093,2665
2024-07-25 03:53:11,2667,285,21155,59349,2673
2024-07-26 03:53:14,2671,285,21170,59626,2683
2024-07-27 03:53:13,2674,285,21186,59826,2690
2024-07-28 03:53:25,2676,285,21200,60000,2697
2024-07-29 03:53:33,2678,285,21211,60172,2700
2024-07-30 03:53:21,2682,285,21226,60420,2711
2024-07-31 03:53:11,2684,285,21245,60690,2718
2024-08-01 03:53:27,2686,285,21264,60926,2730
2024-08-02 03:53:22,2690,285,21277,61195,2743
2024-08-03 03:53:30,2691,285,21287,61417,2750
2024-08-04 03:53:30,2694,285,21297,61602,2765
2024-08-05 03:53:30,2700,286,21306,61788,2774
2024-08-06 03:53:20,2704,286,21319,62047,2807
2024-08-07 03:53:12,2707,287,21330,62284,2818
2024-08-08 03:53:28,2712,287,21345,62511,2826
2024-08-09 03:53:11,2719,288,21355,62763,2835
2024-08-10 03:53:34,2723,288,21370,63010,2845
2024-08-11 03:53:12,2727,288,21379,63201,2852
2024-08-12 03:53:31,2731,288,21386,63424,2861
2024-08-13 03:53:19,2734,288,21399,63685,2870
2024-08-14 03:53:19,2739,288,21414,63946,2879
2024-08-15 03:53:34,2741,288,21431,64212,2893
2024-08-16 03:53:29,2747,291,21453,64503,2904
2024-08-17 03:53:26,2750,291,21461,64732,2918
2024-08-18 03:53:21,2753,292,21468,64908,2925
2024-08-19 03:53:20,2755,292,21477,65106,2932
2024-08-20 03:53:34,2762,292,21489,65339,2940
2024-08-21 03:53:31,2767,292,21500,65587,2954
2024-08-22 03:53:20,2774,292,21513,65811,2970
2024-08-23 03:53:29,2780,292,21519,66095,2976
2024-08-24 03:53:27,2784,292,21524,66314,2985
2024-08-25 03:53:17,2787,292,21527,66487,2991
2024-08-26 03:53:21,2788,292,21535,66699,2998
2024-08-27 03:53:11,2796,292,21543,66971,3010
2024-08-28 03:53:33,2802,292,21560,67248,3019
2024-08-29 03:53:35,2806,292,21577,67509,3027
2024-08-30 03:53:30,2810,292,21588,67771,3033
2024-08-31 03:53:15,2812,292,21592,68000,3037
2024-09-01 01:39:47,2812,292,21604,68153,3045
2024-09-01 03:53:17,2812,292,21604,68171,3046
2024-09-02 03:53:20,2814,292,21607,68382,3053
2024-09-03 03:53:28,2817,292,21613,68643,3058
2024-09-04 03:53:30,2823,292,21628,68994,3072
2024-09-05 03:53:18,2830,294,21636,69256,3085
2024-09-06 03:53:13,2832,294,21653,69554,3094
2024-09-07 03:53:33,2835,295,21663,69837,3103
2024-09-08 03:53:18,2839,295,21668,70023,3108
2024-09-09 03:53:23,2843,295,21672,70226,3117
2024-09-10 03:53:31,2853,296,21685,70523,3124
2024-09-11 03:53:29,2854,296,21697,70827,3134
2024-09-11 09:33:47,2856,296,21698,70867,3135
2024-09-11 12:19:42,2856,296,21698,70870,3137
2024-09-11 22:32:32,2856,296,21698,70873,3137
2024-09-12 03:53:23,2856,296,21698,70876,3137
2024-09-13 03:53:17,2857,296,21698,70883,3137
2024-09-14 03:53:14,2857,296,21698,70888,3137
2024-09-15 03:53:24,2857,296,21698,70891,3137
2024-09-16 03:53:25,2857,296,21698,70895,3137
2024-09-17 03:53:21,2857,296,21698,70902,3137
2024-09-18 03:53:10,2857,296,21699,70908,3137
2024-09-19 03:53:18,2857,296,21699,70912,3137
2024-09-20 03:53:21,2857,296,21699,70922,3137
2024-09-21 03:53:29,2857,296,21699,70927,3137
2024-09-22 03:53:17,2857,296,21699,70933,3138
2024-09-23 03:53:25,2858,297,21700,70939,3139
2024-09-24 03:53:20,2858,297,21700,70947,3139
2024-09-25 03:53:14,2858,297,21700,70951,3139
2024-09-26 03:53:24,2858,297,21701,70958,3139
2024-09-27 03:53:20,2858,297,21701,70969,3139
2024-09-28 03:53:12,2858,297,21701,70973,3139
2024-09-29 03:53:13,2858,297,21701,70979,3139
2024-09-30 03:53:22,2858,297,21701,70983,3139
2024-10-01 03:54:36,2858,297,21701,70989,3139
2024-10-02 03:53:12,2859,297,21701,70994,3139
2024-10-03 03:53:17,2859,297,21701,70999,3139
2024-10-04 03:53:13,2859,297,21701,71003,3139
2024-10-05 03:53:21,2859,297,21701,71007,3139
2024-10-06 03:53:18,2859,297,21701,71012,3139
2024-10-07 03:53:12,2859,298,21701,71016,3139
2024-10-08 03:53:23,2859,298,21701,71026,3139
2024-10-09 03:53:15,2859,298,21701,71033,3139
2024-10-10 03:53:24,2859,298,21701,71039,3139
2024-10-11 03:53:20,2859,298,21701,71043,3139
2024-10-12 03:53:22,2859,298,21701,71047,3139
2024-10-13 03:53:26,2859,298,21701,71050,3139
2024-10-14 03:53:15,2859,298,21701,71053,3139
2024-10-15 03:53:13,2859,298,21701,71058,3139
2024-10-16 03:53:20,2859,298,21701,71061,3139
2024-10-17 03:53:18,2859,298,21701,71065,3140
2024-10-18 03:53:11,2859,298,21701,71068,3140
2024-10-19 03:53:34,2859,298,21701,71071,3140
2024-10-20 03:53:14,2859,298,21701,71074,3140
2024-10-21 03:53:23,2859,298,21701,71076,3140
2024-10-22 03:53:11,2859,298,21701,71080,3140
2024-10-23 03:53:30,2859,298,21701,71085,3140
2024-10-24 03:53:13,2859,298,21701,71088,3140
2024-10-25 03:53:31,2859,298,21701,71092,3140
2024-10-26 03:53:12,2859,298,21701,71095,3140
2024-10-27 03:53:12,2859,298,21701,71098,3140
2024-10-28 03:53:18,2859,298,21701,71101,3140
2024-10-29 03:53:18,2859,298,21701,71106,3140
2024-10-30 03:53:17,2859,298,21701,71109,3140
2024-10-31 03:53:21,2859,298,21701,71116,3142
2024-11-01 03:54:52,2859,298,21701,71121,3142
2024-11-02 03:53:23,2859,298,21701,71124,3142
2024-11-03 03:53:25,2860,298,21701,71127,3142
2024-11-04 03:53:13,2860,298,21701,71130,3142
2024-11-05 03:53:21,2860,298,21701,71134,3142
2024-11-06 03:53:25,2860,298,21701,71150,3142
2024-11-07 03:53:14,2860,298,21701,71153,3142
2024-11-08 03:53:15,2860,298,21701,71157,3142
2024-11-09 03:53:14,2860,298,21701,71160,3142
2024-11-10 03:53:12,2860,298,21701,71163,3142
2024-11-11 03:53:13,2860,298,21701,71166,3142
2024-11-12 03:53:25,2860,298,21701,71170,3142
2024-11-13 03:53:15,2860,298,21701,71173,3142
2024-11-14 03:53:24,2860,298,21701,71177,3142
2024-11-15 03:54:36,2860,298,21701,71180,3142
2024-11-16 03:53:11,2860,298,21701,71185,3144
2024-11-17 03:55:26,2860,298,21701,71188,3146
2024-11-18 03:55:53,2860,298,21701,71191,3146
2024-11-19 03:56:46,2860,298,21701,71196,3146
2024-11-20 03:54:22,2860,298,21701,71200,3146
2024-11-21 03:54:05,2860,298,21701,71202,3146
2024-11-22 03:54:45,2860,298,21701,71204,3146
2024-11-23 03:53:22,2860,298,21701,71206,3146
2024-11-24 03:56:12,2860,298,21701,71208,3146
2024-11-25 03:56:06,2860,298,21701,71210,3146
2024-11-26 03:55:42,2860,298,21701,71213,3150
2024-11-27 03:56:38,2860,298,21701,71215,3151
2024-11-28 03:56:39,2860,298,21701,71218,3151
2024-11-29 03:56:26,2860,298,21701,71220,3151
2024-11-30 03:53:24,2860,298,21701,71222,3153
2024-12-01 04:03:03,2860,298,21701,71225,3153
2024-12-02 03:56:58,2860,298,21701,71228,3153
2024-12-03 03:56:28,2860,298,21701,71231,3153
2024-12-04 03:56:29,2860,298,21701,71234,3155
2024-12-05 03:56:37,2860,298,21701,71236,3155
2024-12-06 03:56:42,2860,298,21701,71239,3155
2024-12-07 03:55:49,2861,298,21701,71241,3155
2024-12-08 03:56:34,2861,298,21701,71243,3155
2024-12-09 03:57:22,2861,298,21701,71245,3162
2024-12-10 03:56:43,2861,298,21701,71250,3165
2024-12-11 03:56:29,2861,298,21701,71252,3175
2024-12-12 03:56:33,2861,299,21701,71254,3182
2024-12-13 03:56:44,2861,299,21701,71256,3188
2024-12-14 03:54:36,2861,300,21701,71258,3194
2024-12-15 03:56:36,2861,300,21701,71261,3195
2024-12-16 03:57:20,2861,300,21701,71263,3195
2024-12-17 03:56:28,2861,300,21701,71268,3195
2024-12-18 03:53:49,2861,300,21701,71271,3195
2024-12-19 03:54:23,2861,300,21701,71273,3195
2024-12-20 03:53:19,2861,300,21701,71275,3196
2024-12-21 03:53:21,2861,300,21701,71277,3199
2024-12-22 03:53:12,2862,300,21701,71280,3199
2024-12-23 03:53:19,2862,300,21701,71282,3199
2024-12-24 03:53:24,2862,300,21701,71287,3199
2024-12-25 03:53:19,2862,300,21701,71289,3199
2024-12-26 03:53:27,2862,300,21701,71294,3199
2024-12-27 03:53:13,2862,300,21701,71297,3199
2024-12-28 03:53:21,2862,300,21701,71300,3199
2024-12-29 03:53:24,2862,300,21701,71303,3202
2024-12-30 03:53:15,2862,300,21701,71306,3210
2024-12-31 03:53:13,2862,300,21701,71309,3216
2025-01-01 03:53:23,2862,300,21701,71311,3227
2025-01-02 03:53:14,2862,300,21701,71314,3227
2025-01-03 03:53:26,2862,300,21701,71317,3227
2025-01-04 03:53:30,2862,300,21702,71322,3230
2025-01-05 03:53:16,2862,300,21702,71326,3233
2025-01-06 03:53:14,2862,300,21702,71329,3242
2025-01-07 03:53:17,2862,300,21702,71333,3248
2025-01-08 03:53:26,2862,300,21702,71336,3248
2025-01-09 03:56:19,2862,300,21702,71338,3248
2025-01-10 03:53:19,2862,300,21702,71343,3248
2025-01-11 03:53:19,2862,300,21702,71346,3248
2025-01-12 03:53:10,2862,300,21702,71350,3253
2025-01-13 03:53:22,2862,300,21702,71353,3253
2025-01-14 03:53:21,2862,300,21702,71360,3253
2025-01-15 03:53:17,2862,300,21702,71363,3253
2025-01-16 03:53:20,2862,300,21702,71366,3253
2025-01-17 03:53:25,2862,300,21702,71369,3253
2025-01-18 03:53:31,2862,300,21702,71373,3253
2025-01-19 03:53:13,2862,300,21702,71378,3256
2025-01-19 21:42:34,2862,300,21702,71381,3256
2025-01-20 03:53:21,2862,300,21702,71382,3256
2025-01-21 03:53:16,2862,300,21702,71387,3256
2025-01-22 03:53:13,2862,300,21702,71391,3256
2025-01-23 03:53:13,2862,300,21702,71395,3256
2025-01-24 03:53:15,2862,300,21702,71399,3256
2025-01-25 03:53:24,2862,300,21702,71403,3256
2025-01-26 03:53:27,2862,300,21702,71407,3259
2025-01-27 03:53:29,2862,300,21702,71410,3259
2025-01-28 03:53:21,2862,300,21702,71414,3259
2025-01-29 03:53:16,2862,300,21702,71417,3259
2025-01-30 03:53:19,2862,300,21702,71420,3259
2025-01-31 03:53:27,2862,300,21702,71425,3259
2025-02-01 03:53:18,2862,300,21702,71428,3262
2025-02-01 12:29:21,2862,300,21702,71429,3262
2025-02-02 03:53:13,2862,300,21702,71431,3262
2025-02-03 03:53:15,2862,300,21702,71434,3262
2025-02-04 03:53:14,2862,300,21702,71438,3262
2025-02-05 03:53:32,2862,300,21702,71443,3263
2025-02-06 03:53:12,2862,300,21702,71449,3266
2025-02-07 03:53:27,2862,300,21702,71454,3268
2025-02-08 03:53:15,2862,300,21702,71458,3271
2025-02-09 03:53:26,2862,300,21702,71462,3273
2025-02-10 03:53:22,2862,300,21702,71466,3274
2025-02-11 03:53:13,2862,300,21702,71472,3276
2025-02-12 03:53:18,2862,300,21702,71476,3277
2025-02-13 03:53:24,2862,300,21702,71479,3283
2025-02-14 03:53:17,2862,300,21702,71483,3284
2025-02-15 03:53:33,2862,300,21702,71489,3288
2025-02-16 03:53:20,2862,300,21702,71493,3289
2025-02-17 03:53:18,2862,300,21702,71499,3290
2025-02-18 03:53:19,2862,300,21702,71504,3291
2025-02-19 03:53:15,2862,300,21702,71508,3292
2025-02-20 03:53:23,2862,300,21702,71512,3293
2025-02-21 03:53:18,2862,300,21702,71518,3294
2025-02-21 08:24:50,2862,300,21702,71520,3295
2025-02-22 03:53:31,2862,300,21702,71521,3301
2025-02-23 03:53:23,2862,300,21702,71524,3304
2025-02-24 03:53:21,2862,300,21702,71530,3307
2025-02-25 03:53:14,2862,300,21702,71535,3309
2025-02-26 03:53:18,2862,300,21702,71540,3311
2025-02-27 03:53:15,2862,300,21702,71543,3312
2025-02-28 03:53:17,2862,300,21702,71546,3315
2025-03-01 03:53:12,2862,300,21702,71550,3319
2025-03-02 03:53:15,2862,300,21702,71553,3320
2025-03-03 03:54:08,2862,300,21702,71556,3324
2025-03-04 03:53:26,2862,300,21702,71561,3335
2025-03-05 03:53:25,2862,300,21702,71564,3339
2025-03-06 03:53:24,2862,300,21702,71568,3341
2025-03-07 03:53:13,2862,300,21702,71571,3341
2025-03-08 03:53:24,2862,300,21702,71576,3343
2025-03-09 03:53:32,2862,300,21702,71581,3345
2025-03-10 03:53:22,2862,300,21702,71586,3347
2025-03-11 03:53:18,2862,300,21702,71593,3349
2025-03-12 03:53:22,2862,300,21702,71600,3351
2025-03-13 03:55:14,2862,300,21702,71606,3354
2025-03-14 03:54:41,2862,300,21702,71611,3356
2025-03-15 03:53:18,2862,300,21702,71615,3358
2025-03-16 03:54:21,2862,300,21702,71620,3363
2025-03-17 03:54:56,2862,300,21702,71623,3364
2025-03-18 03:54:21,2862,300,21702,71629,3366
2025-03-19 03:53:43,2862,300,21702,71633,3368
2025-03-20 03:53:36,2862,300,21702,71638,3370
2025-03-21 03:55:07,2862,300,21702,71642,3372
2025-03-22 03:54:10,2862,300,21702,71647,3377
2025-03-23 03:54:18,2862,300,21702,71650,3378
2025-03-24 03:55:11,2862,300,21702,71654,3379
2025-03-25 03:54:43,2862,300,21702,71657,3380
2025-03-26 03:54:01,2862,300,21702,71663,3382
2025-03-27 03:55:54,2862,300,21702,71667,3382
2025-03-28 03:55:27,2862,300,21702,71671,3383
2025-03-28 21:54:24,2862,300,21702,71674,3385
2025-03-29 03:53:24,2862,300,21702,71675,3388
2025-03-30 03:56:22,2862,300,21702,71678,3389
2025-03-31 03:55:55,2862,300,21702,71683,3390
2025-04-01 04:00:07,2862,300,21702,71687,3391
2025-04-02 03:56:45,2862,300,21702,71692,3393
2025-04-03 03:56:12,2862,300,21702,71698,3397
2025-04-04 03:54:56,2862,300,21702,71703,3399
2025-04-05 03:53:21,2862,300,21702,71706,3402
2025-04-06 03:54:26,2862,300,21702,71711,3405
2025-04-07 03:55:27,2862,300,21702,71715,3406
2025-04-08 03:55:19,2862,300,21702,71722,3409
2025-04-09 03:55:29,2862,300,21702,71725,3410
2025-04-10 03:55:43,2862,300,21702,71729,3411
2025-04-11 03:55:33,2862,300,21702,71734,3413
2025-04-12 03:53:40,2862,300,21702,71739,3418
2025-04-13 04:40:57,2862,300,21702,71744,3419
2025-04-14 03:57:41,2862,300,21702,71748,3420
2025-04-15 03:56:21,2862,300,21702,71752,3420
2025-04-16 03:56:33,2862,300,21702,71756,3421
2025-04-17 03:56:25,2862,300,21702,71759,3422
2025-04-18 03:55:27,2862,300,21702,71764,3424
2025-04-19 03:54:37,2862,300,21702,71767,3427
2025-04-20 03:56:51,2862,300,21702,71770,3429
2025-04-21 03:59:54,2862,300,21702,71773,3429
2025-04-22 03:57:39,2862,300,21702,71777,3429
2025-04-23 03:56:04,2862,300,21702,71782,3430
2025-04-24 03:56:48,2862,300,21702,71786,3430
2025-04-25 03:56:22,2862,300,21702,71790,3432
2025-04-26 03:55:15,2862,300,21702,71793,3436
2025-04-27 03:56:42,2862,300,21702,71796,3436
2025-04-28 03:59:16,2862,300,21702,71800,3437
2025-04-29 03:56:50,2862,300,21702,71804,3437
2025-04-30 03:56:46,2862,300,21702,71808,3439
2025-05-01 04:02:57,2862,300,21702,71812,3441
2025-05-02 03:58:46,2862,300,21702,71815,3442
2025-05-03 03:56:25,2862,300,21702,71820,3444
2025-05-04 04:01:32,2862,300,21702,71823,3446
2025-05-05 04:00:43,2862,300,21702,71826,3447
2025-05-06 03:57:57,2862,300,21702,71830,3447
2025-05-07 03:59:40,2862,300,21702,71833,3448
2025-05-08 04:00:10,2862,300,21702,71838,3450
2025-05-09 04:00:05,2862,300,21702,71841,3450
2025-05-10 03:56:31,2862,300,21702,71845,3453
2025-05-11 04:00:40,2862,300,21702,71848,3455
2025-05-12 04:01:44,2862,300,21702,71852,3456
2025-05-13 04:00:35,2862,300,21702,71858,3458
2025-05-14 03:59:44,2862,300,21702,71862,3458
2025-05-15 03:59:46,2862,300,21702,71864,3458
2025-05-16 04:01:12,2862,300,21702,71868,3459
2025-05-17 03:56:38,2862,300,21702,71871,3461
2025-05-18 04:03:41,2862,300,21702,71875,3464
2025-05-19 04:15:10,2862,300,21702,71877,3464
2025-05-20 04:00:33,2862,300,21702,71881,3465
2025-05-21 04:00:45,2862,300,21702,71883,3465
2025-05-22 04:00:27,2862,300,21702,71887,3467
2025-05-23 04:00:01,2862,300,21702,71891,3469
2025-05-24 03:56:31,2862,300,21702,71896,3471
2025-05-25 04:13:27,2862,300,21702,71900,3474
2025-05-26 04:03:19,2862,300,21702,71904,3476
2025-05-27 04:03:37,2862,300,21702,71907,3476
2025-05-28 04:01:09,2862,300,21702,71910,3476
2025-05-29 04:01:58,2862,300,21702,71915,3478
2025-05-30 04:00:18,2862,300,21702,71919,3479
2025-05-31 03:59:44,2862,300,21702,71922,3481
2025-06-01 04:23:01,2862,300,21702,71927,3484
2025-06-02 04:17:54,2862,300,21702,71930,3485
2025-06-03 04:13:55,2862,300,21702,71935,3486
2025-06-04 04:13:56,2863,300,21702,71937,3486
2025-06-05 04:15:09,2863,300,21702,71942,3486
2025-06-06 04:03:35,2863,300,21703,71946,3487
2025-06-07 04:00:41,2863,300,21703,71949,3490
2025-06-08 04:18:30,2863,300,21703,71953,3492
2025-06-09 04:18:46,2863,300,21703,71955,3492
2025-06-10 04:16:01,2863,300,21703,71959,3492
2025-06-11 04:16:31,2863,300,21703,71962,3493
2025-06-12 04:14:30,2863,300,21703,71966,3493
2025-06-13 04:15:16,2863,300,21703,71971,3494
2025-06-14 04:00:44,2863,300,21703,71974,3496
2025-06-15 04:17:26,2863,300,21703,71977,3497
2025-06-16 04:19:32,2863,300,21703,71980,3504
2025-06-17 04:16:06,2863,300,21703,71985,3504
2025-06-18 04:16:15,2863,300,21703,71989,3505
2025-06-19 04:15:49,2863,300,21703,71993,3505
2025-06-20 04:14:21,2863,300,21703,71997,3506
2025-06-21 04:01:38,2863,300,21703,72000,3510
2025-06-22 04:18:21,2863,300,21703,72004,3510
2025-06-23 04:21:21,2863,300,21703,72007,3510
2025-06-24 04:17:24,2863,300,21703,72010,3510
2025-06-25 04:18:09,2863,301,21703,72016,3513
2025-06-26 04:16:18,2863,301,21703,72021,3514
2025-06-27 04:16:41,2863,301,21703,72025,3516
2025-06-28 04:01:23,2863,301,21703,72030,3520
2025-06-29 04:21:28,2863,301,21703,72033,3520
2025-06-30 04:20:30,2863,301,21703,72036,3520
2025-07-01 04:25:13,2863,301,21703,72042,3521
2025-07-02 04:17:30,2863,301,21703,72045,3521
2025-07-03 04:19:37,2863,301,21703,72048,3522
2025-07-04 04:17:15,2863,301,21703,72051,3523
2025-07-05 04:02:45,2863,301,21703,72055,3527
2025-07-06 04:20:47,2863,301,21703,72059,3528
2025-07-07 04:21:29,2863,301,21703,72062,3529
2025-07-08 04:17:59,2863,301,21703,72069,3533
2025-07-09 04:21:30,2863,301,21703,72075,3536
2025-07-10 04:19:37,2863,301,21703,72081,3538
2025-07-11 04:23:26,2863,301,21703,72085,3540
2025-07-12 04:18:39,2863,301,21703,72089,3545
2025-07-13 04:24:54,2863,301,21703,72093,3568
2025-07-14 04:29:06,2863,301,21703,72098,3607
2025-07-15 04:26:07,2863,301,21703,72103,3623
2025-07-16 04:24:42,2863,301,21703,72106,3641
2025-07-17 04:24:05,2863,301,21703,72111,3642
2025-07-18 04:25:43,2863,301,21703,72116,3642
2025-07-19 04:18:27,2863,301,21703,72120,3646
2025-07-20 04:31:23,2863,301,21703,72123,3646
2025-07-21 04:31:41,2863,301,21703,72125,3646
2025-07-22 04:25:57,2863,301,21703,72130,3647
2025-07-23 04:27:50,2863,301,21703,72134,3649
2025-07-24 04:26:24,2863,301,21703,72138,3650
2025-07-25 04:25:44,2863,301,21703,72141,3651
2025-07-26 04:22:14,2863,301,21703,72146,3655
2025-07-27 04:32:35,2863,301,21703,72149,3656
2025-07-28 04:34:20,2863,301,21703,72154,3658
2025-07-29 04:35:50,2863,301,21703,72161,3660
2025-07-30 04:31:33,2863,301,21703,72166,3662
2025-07-31 04:29:40,2863,301,21703,72172,3665
2025-08-01 04:41:52,2863,301,21703,72176,3666
2025-08-02 04:21:40,2863,301,21703,72181,3670
2025-08-03 04:36:53,2863,301,21703,72185,3673
2025-08-04 04:44:55,2863,301,21703,72190,3675
2025-08-05 04:36:25,2863,301,21703,72197,3677
2025-08-06 04:33:15,2863,301,21703,72202,3679
2025-08-07 04:33:08,2863,301,21703,72207,3681
2025-08-08 04:32:44,2863,301,21703,72213,3684
2025-08-09 04:16:43,2863,301,21703,72219,3687
2025-08-10 04:28:49,2863,301,21703,72224,3691
2025-08-11 04:31:35,2863,301,21703,72229,3693
2025-08-12 04:15:33,2863,301,21703,72234,3695
2025-08-13 04:17:52,2863,301,21703,72238,3697
2025-08-14 04:17:22,2863,301,21703,72245,3701
2025-08-15 04:18:07,2863,301,21703,72251,3705
2025-08-16 04:02:09,2863,301,21703,72255,3711
2025-08-17 04:19:50,2863,301,21703,72261,3714
2025-08-18 04:25:50,2863,301,21703,72267,3717
2025-08-19 03:59:32,2863,301,21703,72275,3720
2025-08-20 03:58:29,2863,301,21703,72280,3722
2025-08-21 03:58:15,2863,301,21703,72286,3724
2025-08-22 03:58:17,2863,301,21703,72294,3728
2025-08-23 03:55:25,2863,301,21703,72299,3732
2025-08-24 04:13:01,2863,301,21703,72305,3737
2025-08-25 04:03:41,2863,301,21703,72310,3740
2025-08-26 03:59:24,2863,301,21703,72320,3746
2025-08-27 03:54:58,2863,301,21703,72326,3749
2025-08-28 03:55:20,2863,301,21703,72332,3752
2025-08-29 03:54:55,2863,301,21703,72337,3755
2025-08-30 03:53:17,2863,301,21703,72342,3758
2025-08-31 03:55:58,2863,301,21703,72349,3763
2025-09-01 04:17:14,2863,301,21703,72355,3766
2025-09-02 03:57:18,2863,301,21703,72361,3768
2025-09-03 03:53:13,2863,301,21703,72367,3770
2025-09-04 03:53:13,2863,301,21703,72372,3772
2025-09-05 03:53:51,2863,301,21703,72377,3774
2025-09-06 03:53:12,2863,301,21703,72381,3777
2025-09-07 03:53:43,2863,301,21703,72386,3785
2025-09-08 03:56:47,2863,301,21703,72391,3787
2025-09-09 03:54:37,2863,301,21703,72396,3789
2025-09-10 03:53:23,2863,301,21703,72401,3791
2025-09-11 03:54:06,2863,301,21703,72407,3793
2025-09-12 03:53:13,2863,301,21703,72411,3795
2025-09-13 03:53:11,2863,301,21703,72417,3798
2025-09-14 03:53:29,2863,301,21703,72423,3801
2025-09-15 03:57:04,2863,301,21703,72429,3804
2025-09-16 03:53:09,2863,301,21703,72435,3806
2025-09-17 03:53:18,2863,301,21703,72438,3808
2025-09-18 03:53:48,2863,301,21703,72441,3809
2025-09-19 03:53:59,2863,301,21703,72446,3810
2025-09-20 03:53:23,2863,301,21703,72449,3811
2025-09-21 03:55:58,2863,301,21703,72452,3814
2025-09-22 03:56:45,2863,301,21703,72454,3814
2025-09-23 03:53:28,2863,301,21703,72458,3814
2025-09-24 03:53:23,2863,301,21703,72461,3814
2025-09-25 03:54:21,2863,301,21703,72463,3814
2025-09-26 03:53:11,2863,301,21703,72466,3814
2025-09-27 03:53:19,2863,301,21703,72468,3814
2025-09-28 03:55:58,2863,301,21703,72470,3814
2025-09-29 03:55:52,2863,301,21703,72473,3814
2025-09-30 03:53:35,2863,301,21703,72477,3814
2025-10-01 03:57:56,2863,301,21703,72479,3814
2025-10-02 03:53:21,2863,301,21703,72482,3814
2025-10-03 03:53:15,2863,301,21703,72485,3814
2025-10-04 03:53:09,2863,301,21703,72487,3814
2025-10-05 03:53:19,2863,301,21703,72490,3814
2025-10-06 03:54:01,2863,301,21703,72493,3814
2025-10-07 03:53:46,2863,301,21703,72497,3814
2025-10-08 03:53:25,2863,301,21703,72499,3814
2025-10-09 03:54:17,2863,301,21703,72502,3814
2025-10-10 03:53:54,2863,301,21703,72505,3814
2025-10-11 03:53:18,2863,301,21703,72507,3814
2025-10-12 03:53:43,2863,301,21703,72510,3814
2025-10-13 03:58:44,2863,301,21703,72513,3814
2025-10-14 03:54:09,2863,301,21703,72520,3815
2025-10-15 03:55:34,2863,301,21703,72522,3815
2025-10-16 03:55:43,2863,301,21703,72525,3815
2025-10-17 03:54:59,2863,301,21703,72528,3815
2025-10-18 03:53:26,2863,301,21703,72536,3819
2025-10-19 04:00:55,2863,301,21703,72543,3823
2025-10-20 04:03:30,2863,301,21703,72545,3823
2025-10-21 03:55:52,2863,301,21703,72548,3823
2025-10-22 03:59:29,2863,301,21703,72553,3825
2025-10-23 03:55:15,2863,301,21703,72558,3827
2025-10-24 03:54:33,2863,301,21703,72563,3829
2025-10-25 03:54:46,2863,301,21703,72568,3831
2025-10-26 03:57:40,2863,301,21703,72573,3833
2025-10-27 04:16:40,2863,301,21703,72578,3835
2025-10-28 03:58:11,2863,301,21703,72582,3836
2025-10-29 04:03:27,2863,301,21703,72584,3836
2025-10-30 03:59:03,2863,301,21703,72588,3838
2025-10-30 20:56:39,2863,301,21703,72591,3840
2025-10-31 03:59:38,2863,301,21703,72592,3840
2025-11-01 03:58:19,2863,301,21703,72598,3843
2025-11-02 04:01:07,2863,301,21703,72602,3845
2025-11-03 04:15:13,2863,301,21703,72606,3847
2025-11-04 03:58:42,2863,301,21703,72614,3849
2025-11-05 04:00:25,2863,301,21703,72619,3852
2025-11-06 04:02:50,2863,301,21703,72625,3854
2025-11-07 03:59:08,2863,301,21703,72629,3856
2025-11-08 03:55:02,2863,301,21703,72633,3858
2025-11-09 03:59:30,2863,301,21703,72637,3860
2025-11-10 04:14:43,2863,301,21703,72641,3862
2025-11-11 04:02:15,2863,301,21703,72647,3864
2025-11-12 04:00:33,2863,301,21703,72655,3866
2025-11-13 04:03:10,2863,301,21703,72662,3868
2025-11-14 04:01:02,2863,301,21703,72667,3870
2025-11-15 03:56:34,2863,301,21703,72672,3872
2025-11-16 04:13:14,2863,301,21703,72677,3874
2025-11-17 04:03:21,2863,301,21703,72682,3876
2025-11-18 04:00:34,2863,301,21703,72688,3878
2025-11-19 04:00:08,2863,301,21703,72693,3880
2025-11-20 03:59:09,2863,301,21703,72697,3882
2025-11-21 03:59:12,2863,301,21703,72702,3884
2025-11-22 03:55:49,2863,301,21703,72707,3886
2025-11-23 04:20:01,2863,301,21703,72712,3888
2025-11-24 04:20:37,2863,301,21703,72717,3890
2025-11-25 04:03:38,2863,301,21703,72721,3890
2025-11-26 04:03:10,2863,301,21703,72725,3891
2025-11-27 04:00:25,2863,301,21703,72727,3891
2025-11-28 04:00:26,2863,301,21703,72731,3891
2025-11-29 03:59:41,2863,301,21703,72734,3891
2025-11-30 04:20:42,2863,301,21703,72736,3891
2025-12-01 04:37:59,2863,301,21703,72739,3891
2025-12-02 04:17:37,2863,301,21703,72743,3891
2025-12-03 04:15:57,2863,301,21703,72748,3893
2025-12-04 04:17:00,2863,301,21703,72753,3895
2025-12-05 04:16:40,2863,301,21703,72758,3898
2025-12-06 03:58:14,2863,301,21703,72764,3901
2025-12-07 04:20:24,2863,301,21703,72768,3903
2025-12-08 04:20:19,2863,301,21703,72774,3905
2025-12-09 04:16:14,2863,301,21703,72781,3907
2025-12-10 04:19:43,2863,301,21703,72786,3909
2025-12-11 04:21:26,2863,301,21703,72791,3911
2025-12-12 04:20:36,2863,301,21703,72797,3913
2025-12-13 04:03:45,2863,301,21703,72802,3916
2025-12-14 04:23:24,2863,301,21703,72806,3918
2025-12-15 04:28:38,2863,301,21703,72811,3920
2025-12-16 04:21:23,2863,301,21703,72817,3922
2025-12-17 04:20:07,2863,301,21703,72822,3924
2025-12-18 04:20:49,2863,301,21703,72825,3925
2025-12-19 04:21:00,2863,301,21703,72830,3927
2025-12-20 04:03:36,2863,301,21703,72835,3929
2025-12-21 04:24:04,2863,301,21703,72840,3931
2025-12-22 04:28:48,2863,301,21703,72846,3933
2025-12-23 04:23:56,2863,301,21703,72852,3935
2025-12-24 04:22:11,2863,301,21703,72857,3937
2025-12-25 04:23:46,2863,301,21703,72862,3939
2025-12-26 04:21:22,2863,301,21703,72866,3941
2025-12-27 04:19:10,2863,301,21703,72870,3943
2025-12-28 04:33:41,2863,301,21703,72875,3945
2025-12-29 04:37:52,2863,301,21703,72880,3947
2025-12-30 04:25:26,2863,301,21703,72886,3949
2025-12-31 04:24:42,2863,301,21703,72892,3951
2026-01-01 04:37:00,2863,301,21703,72897,3953
2026-01-02 04:28:03,2863,301,21703,72902,3955
2026-01-03 04:19:12,2863,301,21703,72907,3957
2026-01-04 04:37:25,2863,301,21703,72911,3959
2026-01-05 04:45:01,2863,301,21703,72915,3961
2026-01-06 04:26:45,2863,301,21703,72922,3963
2026-01-07 04:27:52,2863,301,21703,72927,3965
2026-01-08 04:26:33,2863,301,21703,72933,3969
2026-01-09 04:27:38,2863,301,21703,72937,3971
2026-01-10 04:20:25,2863,301,21703,72943,3974
2026-01-11 04:36:37,2863,301,21703,72949,3976
2026-01-12 04:38:35,2863,301,21703,72953,3978
2026-01-13 04:27:13,2863,301,21703,72957,3979
2026-01-14 04:36:24,2864,302,21704,72962,3982
2026-01-15 04:29:18,2864,302,21704,72967,3984
2026-01-16 04:27:28,2864,302,21704,72972,3986
2026-01-17 04:19:03,2864,302,21704,72976,3989
2026-01-18 04:30:58,2864,302,21704,72981,3991
2026-01-19 04:40:23,2864,302,21704,72985,3993
2026-01-20 04:33:35,2864,302,21704,72991,3995
2026-01-21 04:33:15,2864,302,21704,72996,3998
2026-01-22 04:37:21,2864,302,21704,73001,4000
2026-01-23 04:30:53,2864,302,21704,73007,4003
2026-01-24 04:21:34,2864,302,21704,73013,4006
2026-01-25 04:40:39,2864,302,21704,73020,4009
2026-01-26 04:43:54,2864,302,21704,73025,4011
2026-01-27 04:35:50,2864,302,21704,73031,4013
2026-01-28 04:33:37,2864,302,21704,73038,4016
2026-01-29 04:57:55,2864,302,21704,73045,4019
2026-01-30 05:00:15,2864,302,21704,73051,4021
2026-01-31 04:52:01,2864,302,21704,73057,4053
2026-02-01 05:15:15,2864,302,21704,73062,4055
2026-02-02 05:16:03,2864,302,21704,73067,4057
2026-02-03 05:07:20,2864,302,21704,73072,4059
2026-02-04 05:01:31,2864,302,21704,73075,4060
2026-02-05 05:08:47,2865,303,21705,73078,4061
2026-02-06 05:07:01,2865,303,21705,73081,4062
2026-02-07 04:57:08,2865,303,21705,73087,4069
2026-02-08 05:16:59,2865,303,21706,73094,4073
2026-02-09 05:20:22,2866,304,21706,73099,4075
2026-02-10 05:21:06,2866,304,21706,73106,4081
2026-02-11 05:19:28,2866,304,21706,73111,4084
2026-02-12 05:16:54,2866,304,21706,73115,4086
2026-02-13 05:12:12,2866,304,21706,73120,4088
2026-02-14 05:00:55,2866,304,21706,73126,4094
2026-02-15 05:11:01,2866,304,21706,73132,4096
2026-02-16 05:19:08,2866,304,21706,73136,4098
2026-02-17 05:12:14,2866,304,21706,73141,4100
2026-02-18 05:13:43,2866,304,21706,73147,4103
2026-02-19 05:12:29,2866,304,21706,73155,4107
2026-02-20 05:08:00,2866,304,21706,73161,4110
2026-02-21 04:56:18,2866,304,21706,73167,4116
2026-02-22 05:08:16,2866,304,21706,73173,4119
2026-02-23 05:17:33,2866,304,21706,73178,4121
2026-02-24 05:12:20,2866,304,21706,73185,4123
2026-02-25 05:14:42,2866,304,21706,73189,4125
2026-02-26 05:11:19,2866,304,21706,73193,4127
2026-02-27 05:06:45,2866,304,21706,73198,4130
2026-02-28 04:43:48,2866,304,21706,73203,4136
2026-03-01 05:10:03,2866,304,21706,73208,4138
2026-03-02 05:07:20,2866,304,21706,73213,4139
2026-03-03 05:07:13,2866,304,21706,73216,4140
2026-03-04 05:00:59,2866,304,21706,73221,4143
2026-03-05 05:05:24,2866,304,21706,73224,4144
2026-03-06 05:02:10,2866,304,21706,73226,4145
2026-03-07 04:50:03,2866,304,21706,73228,4147
2026-03-08 05:02:35,2866,304,21706,73231,4148
2026-03-09 05:11:10,2866,304,21706,73235,4149
2026-03-10 05:02:07,2866,304,21706,73240,4151
2026-03-11 05:03:24,2866,304,21706,73243,4153
2026-03-12 05:07:37,2866,304,21706,73245,4154
2026-03-13 05:05:38,2866,304,21706,73248,4154
2026-03-14 05:02:42,2866,304,21706,73252,4155
2026-03-15 05:22:34,2866,304,21706,73254,4155
2026-03-16 05:32:53,2866,304,21706,73255,4155
2026-03-17 05:12:37,2866,304,21706,73256,4155
2026-03-18 05:17:51,2866,304,21706,73257,4155
2026-03-19 05:13:29,2866,304,21706,73258,4155
2026-03-20 05:08:20,2866,304,21706,73259,4155
2026-03-21 04:57:37,2866,304,21706,73261,4155
2026-03-22 05:10:54,2866,304,21706,73263,4155
2026-03-23 05:23:44,2866,304,21706,73265,4155
2026-03-24 05:14:34,2866,304,21706,73267,4155
2026-03-25 05:14:31,2866,304,21706,73268,4155
2026-03-26 05:25:00,2866,304,21706,73271,4156
2026-03-27 05:26:07,2866,304,21706,73274,4158
2026-03-28 05:13:05,2866,304,21706,73276,4163
2026-03-29 05:28:20,2866,304,21706,73279,4165
2026-03-30 05:51:24,2866,304,21706,73282,4167
2026-03-31 05:28:23,2866,304,21706,73286,4169
2026-04-01 05:47:39,2866,304,21706,73289,4171
2026-04-02 05:23:49,2866,304,21706,73291,4173
2026-04-03 05:25:18,2866,304,21706,73294,4175
2026-04-04 05:12:55,2866,304,21706,73296,4181
2026-04-05 05:29:52,2866,304,21706,73298,4183
2026-04-06 05:51:11,2866,304,21706,73300,4185
2026-04-07 05:29:18,2866,304,21706,73304,4187
2026-04-08 05:30:10,2866,304,21706,73307,4189
2026-04-08 09:03:04,2866,304,21706,73309,4190
2026-04-09 05:30:52,2866,304,21706,73311,4190
2026-04-10 05:49:47,2866,304,21706,73311,4190
2026-04-11 05:16:43,2866,304,21706,73312,4193
2026-04-12 05:46:27,2866,304,21706,73313,4193
2026-04-13 06:03:30,2866,304,21706,73314,4193
2026-04-14 05:50:43,2866,304,21706,73315,4193
2026-04-15 05:50:52,2866,304,21706,73315,4193
2026-04-16 05:51:15,2866,304,21706,73315,4193
2026-04-17 05:53:33,2866,304,21706,73315,4193
2026-04-18 05:25:57,2866,304,21706,73316,4196
2026-04-19 05:49:22,2866,304,21706,73317,4196
2026-04-20 06:03:43,2866,304,21706,73317,4196
2026-04-21 05:53:09,2866,304,21706,73318,4196
2026-04-22 05:51:52,2866,304,21706,73319,4196
2026-04-23 05:54:20,2866,304,21706,73320,4196
2026-04-24 05:57:10,2866,304,21706,73321,4196
2026-04-25 05:31:21,2866,304,21706,73322,4199
2026-04-26 05:57:29,2866,304,21706,73322,4199
2026-04-27 06:16:51,2866,304,21706,73323,4199
2026-04-28 06:19:27,2866,304,21706,73325,4199
2026-04-29 06:13:39,2866,304,21706,73325,4199
2026-04-30 06:17:29,2866,304,21706,73326,4199
2026-05-01 06:28:37,2866,304,21706,73326,4199
2026-05-02 05:55:20,2866,304,21706,73327,4202
2026-05-03 06:16:50,2866,304,21706,73328,4202
2026-05-04 06:30:12,2866,304,21706,73329,4202
2026-05-05 06:04:42,2866,304,21706,73330,4202
2026-05-06 06:19:35,2866,304,21706,73332,4202
2026-05-07 06:26:04,2866,304,21706,73332,4202
2026-05-08 05:47:15,2866,304,21706,73333,4202
2026-05-09 06:04:55,2866,304,21706,73334,4205
2026-05-10 06:25:42,2866,304,21706,73335,4205
2026-05-11 06:55:06,2866,304,21706,73336,4205
2026-05-12 06:28:23,2866,304,21706,73337,4205
2026-05-13 06:39:03,2866,304,21706,73338,4205
2026-05-14 06:38:01,2866,304,21706,73339,4205
2026-05-15 06:47:18,2866,304,21706,73349,4205
2026-05-16 06:12:22,2866,304,21706,73350,4208
2026-05-17 06:36:36,2866,304,21706,73353,4208
2026-05-18 07:47:19,2866,304,21706,73355,4208
2026-05-19 07:01:58,2866,304,21706,73356,4208
2026-05-20 07:02:20,2866,304,21706,73357,4208
2026-05-21 07:36:32,2866,304,21706,73358,4208
2026-05-22 07:02:12,2866,304,21706,73359,4208
2026-05-23 06:25:14,2866,304,21706,73360,4211
2026-05-24 06:51:13,2866,304,21706,73362,4212
2026-05-25 08:06:36,2866,304,21706,73364,4212
2026-05-26 07:01:16,2866,304,21706,73366,4212
2026-05-27 07:49:56,2866,304,21706,73366,4212
2026-05-28 07:42:39,2866,304,21706,73368,4212
2026-05-29 07:40:59,2866,304,21706,73368,4212
2026-05-30 06:36:55,2866,304,21706,73368,4214
2026-05-31 07:34:30,2866,304,21706,73369,4214
2026-06-01 09:03:55,2866,304,21706,73370,4214
2026-06-02 08:14:53,2866,304,21706,73371,4214
2026-06-03 08:42:51,2866,304,21706,73372,4215
2026-06-04 08:07:35,2866,304,21706,73372,4215
2026-06-05 07:55:15,2866,304,21706,73372,4215
2026-06-06 06:43:12,2866,304,21706,73373,4218
2026-06-07 07:43:12,2866,304,21706,73373,4218
2026-06-08 08:30:00,2866,304,21706,73374,4218
2026-06-09 07:32:49,2866,304,21706,73377,4218
2026-06-10 07:55:36,2866,304,21706,73378,4218
2026-06-11 08:23:18,2866,304,21706,73379,4218
2026-06-12 08:10:44,2866,304,21706,73380,4218
2026-06-13 07:35:42,2866,304,21706,73383,4221
2026-06-14 08:03:49,2866,304,21706,73383,4221
2026-06-15 09:46:46,2866,304,21706,73384,4221
2026-06-16 09:11:28,2866,304,21706,73384,4221
2026-06-17 08:49:37,2866,304,21706,73384,4221
2026-06-18 08:26:11,2866,304,21706,73386,4251
2026-06-19 08:53:44,2866,304,21706,73387,4251
2026-06-20 07:38:13,2866,304,21706,73388,4254
2026-06-21 08:17:15,2866,304,21706,73389,4254
2026-06-22 09:32:46,2866,304,21706,73389,4254
2026-06-23 03:15:28,2866,304,21706,73391,4254
2026-06-23 07:32:54,2866,304,21706,73391,4254
2026-06-24 07:01:33,2866,304,21706,73391,4254
2026-06-25 07:01:30,2866,304,21706,73392,4254
2026-06-26 07:37:38,2866,304,21706,73392,4254
2026-06-27 06:43:15,2866,304,21706,73392,4257
2026-06-28 07:39:49,2866,304,21706,73400,4257
