Date (UTC),163_to_165.delta,MacVim.dmg,MacVim_unsigned.dmg
2023-06-14 02:18:31,17669,16628,314
2023-06-14 03:53:15,17669,16628,314
2023-06-15 03:53:28,17669,16628,314
2023-06-16 03:53:35,17669,16628,314
2023-06-17 03:53:23,17669,16628,314
2023-06-18 03:53:21,17669,16628,314
2023-06-19 03:53:28,17669,16628,314
2023-06-20 03:53:15,17669,16628,314
2023-06-21 03:53:15,17669,16628,314
2023-06-22 03:53:29,17669,16628,314
2023-06-23 03:53:21,17669,16628,315
2023-06-24 03:53:35,17669,16629,315
2023-06-25 03:53:22,17669,16629,315
2023-06-26 03:53:20,17669,16629,315
2023-06-27 03:53:26,17669,16629,315
2023-06-28 03:53:27,17669,16629,315
2023-06-29 03:53:16,17669,16629,315
2023-06-30 03:53:34,17669,16629,315
2023-07-01 03:53:24,17669,16629,315
2023-07-02 03:53:17,17669,16629,315
2023-07-03 03:53:27,17669,16629,315
2023-07-04 03:53:22,17669,16629,315
2023-07-05 03:53:28,17669,16629,315
2023-07-06 03:53:38,17669,16629,315
2023-07-07 03:53:16,17669,16629,315
2023-07-08 03:53:27,17669,16629,315
2023-07-09 03:53:32,17669,16629,315
2023-07-10 05:22:22,17669,16629,315
2023-07-10 07:42:15,17669,16629,315
2023-07-10 08:00:00,17669,16629,315
2023-07-10 13:17:40,17669,16629,315
2023-07-10 17:20:16,17669,16629,315
2023-07-11 03:53:18,17669,16629,315
2023-07-11 08:10:13,17669,16629,315
2023-07-11 12:28:38,17669,16629,315
2023-07-12 00:38:47,17669,16629,315
2023-07-12 03:53:17,17669,16629,315
2023-07-12 09:33:32,17669,16629,315
2023-07-12 13:31:16,17669,16629,315
2023-07-13 03:53:35,17669,16629,315
2023-07-13 14:14:23,17669,16629,315
2023-07-14 03:53:36,17669,16629,315
2023-07-15 03:53:26,17669,16629,315
2023-07-16 03:53:17,17669,16629,315
2023-07-17 03:53:17,17669,16629,315
2023-07-18 03:53:16,17669,16629,315
2023-07-19 04:11:17,17669,16629,315
2023-07-20 03:53:28,17669,16629,315
2023-07-21 03:53:14,17669,16629,315
2023-07-22 03:53:31,17669,16629,315
2023-07-23 03:53:15,17669,16629,315
2023-07-24 03:53:16,17669,16629,315
2023-07-25 03:53:27,17669,16629,315
2023-07-26 03:53:24,17669,16629,315
2023-07-27 03:53:19,17669,16629,315
2023-07-28 03:53:17,17669,16629,315
2023-07-29 03:53:15,17669,16629,315
2023-07-30 03:53:19,17669,16629,315
2023-07-31 03:53:21,17669,16629,315
2023-08-01 03:53:15,17669,16629,315
2023-08-02 03:53:29,17669,16629,315
2023-08-03 03:53:17,17669,16629,315
2023-08-04 03:53:29,17669,16629,315
2023-08-05 03:53:24,17669,16629,315
2023-08-06 03:53:21,17669,16629,315
2023-08-07 03:53:21,17669,16629,315
2023-08-08 03:53:17,17669,16629,315
2023-08-09 03:53:32,17669,16629,315
2023-08-10 03:53:28,17669,16629,315
2023-08-11 03:53:31,17669,16629,315
2023-08-12 03:53:15,17669,16629,315
2023-08-13 03:53:26,17669,16629,315
2023-08-14 03:53:21,17669,16629,315
2023-08-15 03:53:38,17669,16629,315
2023-08-16 03:53:20,17669,16629,315
2023-08-17 03:53:16,17669,16629,315
2023-08-18 03:53:18,17669,16629,315
2023-08-19 03:53:22,17669,16629,315
2023-08-20 03:53:29,17669,16629,315
2023-08-21 03:53:34,17669,16629,315
2023-08-22 03:53:19,17669,16629,315
2023-08-23 03:53:10,17669,16629,315
2023-08-24 03:53:28,17669,16629,315
2023-08-25 03:53:29,17669,16629,315
2023-08-26 03:53:25,17669,16629,315
2023-08-27 03:53:22,17669,16629,315
2023-08-28 03:53:32,17669,16629,315
2023-08-29 03:53:27,17669,16629,315
2023-08-30 03:53:29,17669,16629,315
2023-08-31 03:53:26,17669,16629,315
2023-09-01 03:53:31,17669,16629,315
2023-09-02 03:53:27,17669,16629,315
2023-09-03 03:53:31,17669,16629,315
2023-09-04 03:53:23,17669,16629,315
2023-09-05 03:53:30,17669,16629,315
2023-09-06 03:53:17,17669,16629,315
2023-09-07 03:53:20,17669,16629,315
2023-09-08 03:53:25,17669,16629,315
2023-09-09 03:53:16,17669,16629,315
2023-09-10 03:53:14,17669,16629,315
2023-09-11 03:53:19,17669,16629,315
2023-09-12 03:53:14,17669,16629,315
2023-09-12 13:59:08,17669,16629,315
2023-09-12 15:56:58,17669,16629,315
2023-09-12 19:09:18,17669,16629,315
2023-09-12 22:39:19,17669,16629,315
2023-09-13 03:53:28,17669,16629,315
2023-09-13 06:26:35,17669,16629,315
2023-09-13 10:02:02,17669,16629,315
2023-09-14 03:53:33,17669,16629,315
2023-09-15 03:53:20,17669,16629,315
2023-09-16 03:53:19,17669,16629,315
2023-09-17 03:53:24,17669,16629,315
2023-09-18 03:53:18,17669,16629,315
2023-09-19 03:53:16,17669,16629,315
2023-09-20 03:53:34,17669,16629,315
2023-09-21 03:53:44,17669,16629,315
2023-09-22 03:53:16,17669,16629,315
2023-09-23 03:53:31,17669,16629,315
2023-09-24 03:53:32,17669,16629,315
2023-09-25 03:53:28,17669,16629,315
2023-09-26 03:53:20,17669,16629,315
2023-09-27 03:53:10,17669,16629,315
2023-09-28 03:53:33,17669,16629,315
2023-09-29 03:53:30,17669,16629,315
2023-09-30 03:53:27,17669,16629,315
2023-10-01 03:53:29,17669,16629,315
2023-10-02 03:53:14,17669,16629,315
2023-10-03 03:53:16,17670,16630,316
2023-10-04 03:53:30,17670,16630,316
2023-10-05 03:53:25,17670,16630,316
2023-10-06 03:53:20,17670,16630,316
2023-10-07 03:53:14,17670,16630,316
2023-10-08 03:53:16,17670,16630,316
2023-10-09 03:53:17,17670,16630,316
2023-10-10 03:53:18,17670,16630,316
2023-10-11 03:53:26,17670,16630,316
2023-10-12 03:53:18,17670,16630,316
2023-10-13 03:53:22,17670,16630,316
2023-10-14 03:53:26,17670,16630,316
2023-10-15 03:53:25,17670,16630,316
2023-10-16 03:53:17,17670,16630,316
2023-10-17 03:53:22,17670,16630,316
2023-10-18 03:53:22,17670,16630,316
2023-10-19 03:53:23,17670,16630,316
2023-10-20 03:53:33,17670,16630,316
2023-10-21 03:53:18,17670,16630,316
2023-10-21 06:45:03,17670,16630,316
2023-10-21 08:05:32,17670,16630,316
2023-10-21 22:05:57,17670,16630,316
2023-10-22 03:53:31,17670,16630,316
2023-10-23 03:53:21,17670,16630,316
2023-10-24 03:53:18,17670,16630,316
2023-10-25 03:53:20,17670,16630,316
2023-10-26 03:53:13,17670,16630,316
2023-10-27 03:53:28,17670,16630,316
2023-10-28 03:53:19,17670,16630,316
2023-10-29 03:53:14,17670,16630,316
2023-10-30 03:53:22,17670,16630,316
2023-10-31 03:53:31,17670,16630,316
2023-11-01 03:53:40,17670,16630,316
2023-11-02 03:53:14,17670,16630,316
2023-11-03 03:53:37,17670,16630,316
2023-11-04 03:53:22,17670,16630,316
2023-11-05 03:53:17,17670,16630,316
2023-11-06 03:53:11,17670,16630,316
2023-11-07 03:53:12,17670,16630,316
2023-11-08 03:53:26,17670,16630,316
2023-11-09 03:53:17,17670,16630,316
2023-11-10 03:53:36,17670,16630,316
2023-11-11 03:53:15,17670,16630,316
2023-11-12 03:53:25,17670,16630,316
2023-11-13 03:53:37,17670,16630,316
2023-11-14 03:53:27,17670,16630,316
2023-11-15 03:53:31,17670,16630,316
2023-11-16 03:53:15,17670,16630,316
2023-11-17 03:53:21,17670,16630,316
2023-11-18 03:53:17,17670,16630,316
2023-11-19 03:53:20,17670,16630,316
2023-11-20 03:53:25,17670,16630,316
2023-11-21 03:53:24,17670,16630,316
2023-11-22 03:53:31,17670,16630,316
2023-11-23 03:53:25,17670,16630,316
2023-11-24 03:53:20,17670,16630,316
2023-11-25 03:53:33,17670,16630,316
2023-11-26 03:53:20,17670,16630,316
2023-11-27 03:53:12,17670,16630,316
2023-11-28 03:53:21,17670,16630,316
2023-11-29 03:53:13,17670,16630,316
2023-11-30 03:53:16,17670,16630,316
2023-12-01 03:53:17,17670,16630,316
2023-12-02 03:53:19,17670,16630,316
2023-12-03 03:53:16,17670,16630,316
2023-12-04 03:53:26,17670,16630,316
2023-12-05 03:53:33,17670,16630,316
2023-12-06 03:53:12,17670,16630,316
2023-12-07 03:53:24,17670,16630,316
2023-12-08 03:53:12,17670,16630,316
2023-12-09 03:53:18,17670,16630,316
2023-12-10 03:53:21,17670,16630,316
2023-12-11 03:53:13,17670,16630,316
2023-12-12 03:53:18,17670,16630,316
2023-12-13 03:53:17,17670,16630,316
2023-12-14 03:53:11,17670,16630,316
2023-12-15 03:53:26,17670,16630,316
2023-12-16 03:53:33,17670,16630,316
2023-12-17 03:53:26,17670,16630,316
2023-12-18 03:53:18,17670,16630,316
2023-12-19 03:53:36,17670,16630,316
2023-12-20 03:53:32,17670,16630,316
2023-12-21 03:53:36,17670,16630,316
2023-12-22 03:53:27,17670,16630,316
2023-12-23 03:53:10,17670,16630,316
2023-12-24 03:53:24,17670,16631,316
2023-12-25 03:53:32,17670,16631,316
2023-12-26 03:53:22,17670,16631,316
2023-12-27 03:53:19,17670,16631,316
2023-12-28 03:53:11,17670,16631,316
2023-12-29 03:53:15,17670,16631,316
2023-12-30 03:53:28,17670,16631,316
2023-12-31 03:53:18,17670,16631,316
2024-01-01 03:53:26,17670,16631,316
2024-01-02 03:53:28,17670,16631,316
2024-01-03 03:53:13,17670,16631,316
2024-01-04 03:53:27,17670,16631,316
2024-01-05 03:53:22,17670,16631,316
2024-01-05 06:07:20,17670,16631,316
2024-01-05 07:17:35,17670,16631,316
2024-01-05 14:22:13,17670,16631,316
2024-01-05 18:55:22,17670,16631,316
2024-01-05 22:47:37,17670,16631,316
2024-01-06 00:55:52,17670,16631,316
2024-01-06 03:53:13,17670,16631,316
2024-01-07 01:23:07,17670,16631,316
2024-01-07 03:53:15,17670,16631,316
2024-01-08 03:53:21,17670,16631,316
2024-01-09 03:53:20,17670,16631,316
2024-01-10 03:53:18,17670,16631,316
2024-01-11 03:53:29,17670,16631,316
2024-01-12 03:53:12,17670,16631,316
2024-01-13 03:53:20,17670,16631,316
2024-01-14 03:53:19,17670,16631,316
2024-01-15 03:53:37,17670,16632,316
2024-01-16 03:53:10,17670,16632,316
2024-01-17 03:53:26,17670,16632,316
2024-01-18 03:53:37,17670,16632,316
2024-01-19 03:53:19,17670,16632,316
2024-01-20 03:53:16,17670,16632,316
2024-01-21 03:53:17,17670,16632,316
2024-01-22 03:53:23,17670,16632,316
2024-01-23 03:53:39,17670,16632,316
2024-01-24 03:53:17,17670,16632,316
2024-01-25 03:53:27,17670,16632,316
2024-01-26 03:53:24,17670,16632,316
2024-01-27 03:53:18,17670,16632,316
2024-01-28 03:53:14,17670,16632,316
2024-01-29 03:53:12,17670,16632,316
2024-01-30 03:53:30,17670,16632,316
2024-01-31 03:53:33,17670,16632,316
2024-02-01 03:53:22,17670,16632,316
2024-02-02 03:53:19,17670,16632,316
2024-02-03 03:53:31,17670,16632,316
2024-02-04 03:53:21,17670,16632,316
2024-02-05 03:53:21,17670,16632,316
2024-02-06 03:53:24,17670,16632,316
2024-02-07 03:53:31,17670,16632,316
2024-02-08 03:53:21,17670,16632,316
2024-02-09 03:53:23,17670,16632,316
2024-02-10 03:53:26,17670,16632,316
2024-02-11 03:53:21,17670,16632,316
2024-02-12 03:53:28,17670,16632,316
2024-02-13 03:53:14,17670,16632,316
2024-02-14 03:53:17,17670,16632,316
2024-02-15 03:53:15,17670,16632,316
2024-02-16 03:53:31,17670,16632,316
2024-02-17 03:53:20,17670,16632,316
2024-02-18 03:53:31,17670,16632,316
2024-02-19 03:53:23,17670,16632,316
2024-02-20 03:53:34,17670,16632,316
2024-02-21 03:53:29,17670,16632,316
2024-02-22 03:53:12,17670,16632,316
2024-02-23 03:55:09,17670,16632,316
2024-02-24 03:53:17,17670,16632,316
2024-02-25 03:53:11,17670,16632,316
2024-02-26 03:53:25,17670,16632,316
2024-02-27 03:53:20,17670,16632,316
2024-02-28 03:53:12,17670,16632,316
2024-02-29 03:53:12,17670,16632,316
2024-03-01 03:53:27,17670,16632,316
2024-03-02 03:53:09,17670,16632,316
2024-03-03 03:53:13,17670,16632,316
2024-03-04 04:02:39,17670,16632,316
2024-03-05 03:53:13,17670,16632,316
2024-03-06 03:53:20,17670,16632,316
2024-03-07 03:53:31,17670,16632,316
2024-03-08 03:53:32,17670,16632,316
2024-03-09 03:53:28,17670,16632,316
2024-03-10 03:53:21,17670,16632,316
2024-03-11 03:53:16,17670,16632,316
2024-03-12 03:53:18,17670,16632,316
2024-03-13 03:53:18,17670,16632,316
2024-03-14 03:53:25,17670,16632,316
2024-03-15 03:53:17,17670,16632,316
2024-03-16 03:53:19,17670,16632,316
2024-03-17 03:53:12,17670,16632,316
2024-03-18 03:53:30,17670,16632,316
2024-03-19 03:53:33,17670,16632,316
2024-03-20 03:53:22,17670,16632,316
2024-03-21 03:53:12,17670,16632,316
2024-03-22 03:53:21,17670,16632,316
2024-03-23 03:53:11,17670,16632,316
2024-03-24 03:53:25,17670,16632,316
2024-03-25 03:53:33,17670,16632,316
2024-03-26 03:53:13,17670,16632,316
2024-03-27 03:53:14,17670,16632,316
2024-03-28 03:53:32,17670,16632,316
2024-03-29 03:53:29,17670,16632,316
2024-03-30 03:53:18,17670,16632,316
2024-03-31 03:53:11,17670,16632,316
2024-04-01 03:53:23,17670,16632,316
2024-04-02 03:53:31,17670,16632,316
2024-04-03 03:53:14,17670,16632,316
2024-04-04 03:53:10,17670,16632,316
2024-04-05 03:53:13,17670,16632,316
2024-04-06 03:53:14,17670,16632,316
2024-04-07 03:53:26,17670,16632,316
2024-04-08 03:53:15,17670,16632,316
2024-04-09 03:53:14,17670,16632,316
2024-04-10 03:53:33,17670,16632,316
2024-04-11 03:53:36,17670,16632,316
2024-04-12 03:53:11,17670,16632,316
2024-04-13 03:53:10,17670,16632,316
2024-04-14 04:01:59,17670,16632,316
2024-04-15 04:23:16,17670,16632,316
2024-04-16 03:53:35,17670,16632,316
2024-04-17 03:53:16,17670,16632,316
2024-04-18 03:53:37,17670,16632,316
2024-04-19 03:53:19,17670,16632,316
2024-04-20 03:53:37,17670,16632,316
2024-04-21 03:53:20,17670,16632,316
2024-04-22 03:53:15,17670,16632,316
2024-04-23 03:53:15,17670,16632,316
2024-04-24 03:53:12,17670,16632,316
2024-04-25 03:53:28,17670,16632,316
2024-04-26 03:53:18,17670,16632,316
2024-04-27 03:53:16,17670,16632,316
2024-04-28 03:53:16,17670,16632,316
2024-04-29 03:53:19,17670,16632,316
2024-04-30 03:53:33,17670,16632,316
2024-05-01 03:53:14,17670,16632,316
2024-05-02 03:53:22,17670,16632,316
2024-05-03 03:53:19,17670,16632,316
2024-05-04 03:53:25,17670,16632,316
2024-05-05 03:53:31,17670,16632,316
2024-05-06 03:53:27,17670,16633,316
2024-05-07 03:53:52,17670,16633,316
2024-05-08 03:53:12,17670,16633,316
2024-05-09 03:53:17,17670,16633,316
2024-05-10 03:53:30,17670,16633,316
2024-05-11 03:53:22,17670,16633,316
2024-05-12 03:53:11,17670,16633,316
2024-05-13 03:53:19,17671,16633,316
2024-05-14 03:53:18,17671,16633,316
2024-05-15 03:53:26,17671,16633,316
2024-05-16 03:53:33,17671,16633,316
2024-05-17 03:53:28,17671,16633,316
2024-05-18 03:53:28,17671,16633,316
2024-05-19 03:53:16,17671,16633,316
2024-05-20 03:53:19,17671,16633,316
2024-05-21 03:53:26,17671,16633,316
2024-05-22 03:53:25,17671,16633,316
2024-05-23 03:53:33,17671,16633,316
2024-05-24 03:53:22,17671,16633,316
2024-05-25 03:53:20,17671,16633,316
2024-05-26 03:53:15,17671,16633,316
2024-05-27 03:53:24,17671,16633,316
2024-05-28 03:53:24,17671,16633,316
2024-05-29 03:53:11,17671,16633,316
2024-05-30 03:53:24,17671,16633,316
2024-05-31 03:53:13,17671,16633,316
2024-06-01 03:53:19,17671,16633,316
2024-06-02 03:53:23,17671,16633,316
2024-06-03 03:53:19,17671,16633,316
2024-06-04 03:53:23,17671,16633,316
2024-06-05 03:53:27,17671,16633,316
2024-06-06 03:53:35,17671,16633,316
2024-06-07 03:53:13,17671,16633,316
2024-06-08 03:53:30,17671,16633,316
2024-06-09 03:53:25,17671,16633,316
2024-06-10 03:53:13,17671,16633,316
2024-06-11 03:53:37,17671,16633,316
2024-06-12 03:53:30,17671,16633,316
2024-06-13 03:53:29,17671,16634,316
2024-06-14 03:53:23,17671,16634,316
2024-06-15 03:53:19,17671,16634,316
2024-06-16 03:53:27,17671,16634,316
2024-06-17 03:53:13,17671,16634,316
2024-06-18 03:53:11,17671,16634,316
2024-06-19 03:53:13,17671,16634,316
2024-06-20 03:53:28,17671,16634,316
2024-06-21 03:53:22,17671,16634,316
2024-06-22 03:53:27,17671,16634,316
2024-06-23 03:53:22,17671,16634,316
2024-06-24 03:53:12,17671,16634,316
2024-06-25 03:53:21,17671,16634,316
2024-06-26 03:53:19,17671,16634,316
2024-06-27 03:53:18,17671,16634,316
2024-06-28 03:53:26,17672,16635,317
2024-06-29 03:53:35,17672,16635,317
2024-06-30 03:53:24,17672,16635,317
2024-07-01 03:53:19,17672,16635,317
2024-07-02 03:53:17,17672,16635,317
2024-07-03 03:53:33,17673,16636,318
2024-07-04 03:53:09,17673,16636,318
2024-07-05 03:53:21,17673,16636,318
2024-07-06 03:53:14,17673,16636,318
2024-07-07 03:53:29,17673,16636,318
2024-07-08 03:53:16,17673,16636,318
2024-07-09 03:53:24,17673,16636,318
2024-07-10 03:53:23,17673,16636,318
2024-07-11 03:53:34,17673,16636,318
2024-07-12 03:53:30,17673,16636,318
2024-07-13 03:53:27,17673,16636,318
2024-07-14 03:53:29,17673,16636,318
2024-07-15 03:53:10,17673,16636,318
2024-07-16 03:53:27,17673,16636,318
2024-07-17 03:53:26,17673,16636,318
2024-07-18 03:53:12,17673,16636,318
2024-07-19 03:53:30,17673,16636,318
2024-07-20 03:53:12,17673,16636,318
2024-07-21 03:53:34,17673,16636,318
2024-07-22 03:53:28,17673,16636,318
2024-07-23 03:53:11,17673,16636,318
2024-07-24 03:53:27,17673,16636,318
2024-07-25 03:53:11,17673,16636,318
2024-07-26 03:53:14,17673,16636,318
2024-07-27 03:53:13,17673,16636,318
2024-07-28 03:53:25,17673,16636,318
2024-07-29 03:53:33,17673,16636,318
2024-07-30 03:53:21,17673,16636,318
2024-07-31 03:53:11,17673,16636,318
2024-08-01 03:53:27,17673,16636,318
2024-08-02 03:53:22,17673,16636,318
2024-08-03 03:53:30,17673,16636,318
2024-08-04 03:53:30,17673,16636,318
2024-08-05 03:53:30,17673,16636,318
2024-08-06 03:53:20,17673,16636,318
2024-08-07 03:53:12,17673,16636,318
2024-08-08 03:53:28,17673,16636,318
2024-08-09 03:53:11,17673,16636,318
2024-08-10 03:53:34,17673,16636,318
2024-08-11 03:53:12,17673,16636,318
2024-08-12 03:53:31,17673,16636,318
2024-08-13 03:53:19,17673,16636,318
2024-08-14 03:53:19,17673,16636,318
2024-08-15 03:53:34,17673,16636,318
2024-08-16 03:53:29,17673,16636,318
2024-08-17 03:53:26,17673,16636,318
2024-08-18 03:53:21,17673,16636,318
2024-08-19 03:53:20,17673,16636,318
2024-08-20 03:53:34,17673,16636,318
2024-08-21 03:53:31,17673,16636,318
2024-08-22 03:53:20,17673,16636,318
2024-08-23 03:53:29,17673,16636,318
2024-08-24 03:53:27,17673,16636,318
2024-08-25 03:53:17,17673,16636,318
2024-08-26 03:53:21,17673,16636,318
2024-08-27 03:53:11,17673,16636,318
2024-08-28 03:53:33,17673,16636,318
2024-08-29 03:53:35,17673,16636,318
2024-08-30 03:53:30,17673,16636,318
2024-08-31 03:53:15,17673,16636,318
2024-09-01 01:39:47,17673,16636,318
2024-09-01 03:53:17,17673,16636,318
2024-09-02 03:53:20,17673,16636,318
2024-09-03 03:53:28,17673,16636,318
2024-09-04 03:53:30,17673,16636,318
2024-09-05 03:53:18,17673,16636,318
2024-09-06 03:53:13,17673,16636,318
2024-09-07 03:53:33,17673,16636,318
2024-09-08 03:53:18,17673,16636,318
2024-09-09 03:53:23,17673,16636,318
2024-09-10 03:53:31,17673,16636,318
2024-09-11 03:53:29,17673,16636,318
2024-09-11 09:33:47,17673,16636,318
2024-09-11 12:19:42,17673,16636,318
2024-09-11 22:32:32,17673,16636,318
2024-09-12 03:53:23,17673,16636,318
2024-09-13 03:53:17,17673,16636,318
2024-09-14 03:53:14,17673,16636,318
2024-09-15 03:53:24,17673,16636,318
2024-09-16 03:53:25,17673,16636,318
2024-09-17 03:53:21,17673,16636,318
2024-09-18 03:53:10,17673,16636,318
2024-09-19 03:53:18,17673,16636,318
2024-09-20 03:53:21,17673,16636,318
2024-09-21 03:53:29,17673,16636,318
2024-09-22 03:53:17,17673,16637,318
2024-09-23 03:53:25,17674,16640,319
2024-09-24 03:53:20,17674,16640,319
2024-09-25 03:53:14,17674,16640,319
2024-09-26 03:53:24,17674,16640,319
2024-09-27 03:53:20,17674,16641,319
2024-09-28 03:53:12,17674,16641,319
2024-09-29 03:53:13,17674,16641,319
2024-09-30 03:53:22,17674,16641,319
2024-10-01 03:54:36,17674,16641,319
2024-10-02 03:53:12,17674,16641,319
2024-10-03 03:53:17,17674,16641,319
2024-10-04 03:53:13,17674,16641,319
2024-10-05 03:53:21,17674,16641,319
2024-10-06 03:53:18,17674,16641,319
2024-10-07 03:53:12,17674,16641,319
2024-10-08 03:53:23,17674,16641,319
2024-10-09 03:53:15,17674,16641,319
2024-10-10 03:53:24,17674,16641,319
2024-10-11 03:53:20,17674,16641,319
2024-10-12 03:53:22,17674,16641,319
2024-10-13 03:53:26,17674,16641,319
2024-10-14 03:53:15,17674,16641,319
2024-10-15 03:53:13,17674,16641,319
2024-10-16 03:53:20,17674,16641,319
2024-10-17 03:53:18,17674,16641,319
2024-10-18 03:53:11,17674,16641,319
2024-10-19 03:53:34,17674,16641,319
2024-10-20 03:53:14,17674,16641,319
2024-10-21 03:53:23,17674,16641,319
2024-10-22 03:53:11,17674,16641,319
2024-10-23 03:53:30,17674,16641,319
2024-10-24 03:53:13,17674,16641,319
2024-10-25 03:53:31,17674,16641,319
2024-10-26 03:53:12,17674,16641,319
2024-10-27 03:53:12,17674,16641,319
2024-10-28 03:53:18,17674,16641,319
2024-10-29 03:53:18,17674,16641,319
2024-10-30 03:53:17,17674,16641,319
2024-10-31 03:53:21,17674,16641,319
2024-11-01 03:54:52,17674,16641,319
2024-11-02 03:53:23,17674,16641,319
2024-11-03 03:53:25,17674,16641,319
2024-11-04 03:53:13,17674,16641,319
2024-11-05 03:53:21,17674,16641,319
2024-11-06 03:53:25,17674,16641,319
2024-11-07 03:53:14,17674,16641,319
2024-11-08 03:53:15,17674,16641,319
2024-11-09 03:53:14,17674,16641,319
2024-11-10 03:53:12,17674,16641,319
2024-11-11 03:53:13,17674,16641,319
2024-11-12 03:53:25,17674,16641,319
2024-11-13 03:53:15,17674,16641,319
2024-11-14 03:53:24,17674,16641,319
2024-11-15 03:54:36,17674,16641,319
2024-11-16 03:53:11,17674,16641,319
2024-11-17 03:55:26,17674,16641,319
2024-11-18 03:55:53,17674,16641,319
2024-11-19 03:56:46,17674,16641,319
2024-11-20 03:54:22,17674,16641,319
2024-11-21 03:54:05,17674,16641,319
2024-11-22 03:54:45,17674,16641,319
2024-11-23 03:53:22,17674,16641,319
2024-11-24 03:56:12,17674,16641,319
2024-11-25 03:56:06,17674,16641,319
2024-11-26 03:55:42,17674,16641,319
2024-11-27 03:56:38,17674,16641,319
2024-11-28 03:56:39,17674,16641,319
2024-11-29 03:56:26,17674,16641,319
2024-11-30 03:53:24,17674,16641,319
2024-12-01 04:03:03,17674,16641,319
2024-12-02 03:56:58,17674,16641,319
2024-12-03 03:56:28,17674,16641,319
2024-12-04 03:56:29,17674,16641,319
2024-12-05 03:56:37,17674,16641,319
2024-12-06 03:56:42,17674,16641,319
2024-12-07 03:55:49,17675,16642,320
2024-12-08 03:56:34,17675,16642,320
2024-12-09 03:57:22,17675,16642,320
2024-12-10 03:56:43,17675,16642,320
2024-12-11 03:56:29,17675,16642,320
2024-12-12 03:56:33,17675,16642,320
2024-12-13 03:56:44,17675,16642,320
2024-12-14 03:54:36,17675,16642,320
2024-12-15 03:56:36,17675,16642,320
2024-12-16 03:57:20,17675,16642,320
2024-12-17 03:56:28,17675,16643,320
2024-12-18 03:53:49,17675,16643,320
2024-12-19 03:54:23,17675,16643,320
2024-12-20 03:53:19,17675,16643,320
2024-12-21 03:53:21,17675,16643,320
2024-12-22 03:53:12,17675,16643,320
2024-12-23 03:53:19,17675,16643,320
2024-12-24 03:53:24,17675,16643,320
2024-12-25 03:53:19,17675,16643,320
2024-12-26 03:53:27,17675,16643,320
2024-12-27 03:53:13,17675,16643,320
2024-12-28 03:53:21,17675,16643,320
2024-12-29 03:53:24,17675,16643,320
2024-12-30 03:53:15,17675,16643,321
2024-12-31 03:53:13,17675,16643,321
2025-01-01 03:53:23,17675,16643,321
2025-01-02 03:53:14,17675,16643,321
2025-01-03 03:53:26,17675,16643,321
2025-01-04 03:53:30,17676,16643,321
2025-01-05 03:53:16,17676,16643,321
2025-01-06 03:53:14,17676,16643,321
2025-01-07 03:53:17,17676,16643,321
2025-01-08 03:53:26,17676,16643,321
2025-01-09 03:56:19,17676,16644,321
2025-01-10 03:53:19,17676,16644,321
2025-01-11 03:53:19,17676,16644,321
2025-01-12 03:53:10,17676,16644,321
2025-01-13 03:53:22,17676,16644,321
2025-01-14 03:53:21,17676,16645,321
2025-01-15 03:53:17,17676,16645,321
2025-01-16 03:53:20,17676,16645,321
2025-01-17 03:53:25,17676,16645,321
2025-01-18 03:53:31,17676,16645,321
2025-01-19 03:53:13,17676,16645,321
2025-01-19 21:42:34,17676,16645,321
2025-01-20 03:53:21,17676,16645,321
2025-01-21 03:53:16,17676,16645,321
2025-01-22 03:53:13,17676,16645,321
2025-01-23 03:53:13,17676,16645,321
2025-01-24 03:53:15,17676,16645,321
2025-01-25 03:53:24,17676,16645,321
2025-01-26 03:53:27,17676,16645,321
2025-01-27 03:53:29,17676,16645,321
2025-01-28 03:53:21,17676,16645,321
2025-01-29 03:53:16,17676,16645,321
2025-01-30 03:53:19,17676,16645,321
2025-01-31 03:53:27,17676,16645,321
2025-02-01 03:53:18,17676,16645,321
2025-02-01 12:29:21,17676,16645,321
2025-02-02 03:53:13,17676,16645,321
2025-02-03 03:53:15,17676,16645,321
2025-02-04 03:53:14,17676,16645,321
2025-02-05 03:53:32,17676,16645,321
2025-02-06 03:53:12,17676,16645,321
2025-02-07 03:53:27,17676,16645,321
2025-02-08 03:53:15,17676,16645,321
2025-02-09 03:53:26,17676,16645,321
2025-02-10 03:53:22,17676,16645,321
2025-02-11 03:53:13,17676,16645,321
2025-02-12 03:53:18,17676,16645,321
2025-02-13 03:53:24,17676,16645,321
2025-02-14 03:53:17,17676,16645,321
2025-02-15 03:53:33,17676,16645,321
2025-02-16 03:53:20,17676,16645,321
2025-02-17 03:53:18,17676,16645,321
2025-02-18 03:53:19,17676,16645,321
2025-02-19 03:53:15,17676,16645,321
2025-02-20 03:53:23,17676,16645,321
2025-02-21 03:53:18,17676,16645,321
2025-02-21 08:24:50,17676,16645,321
2025-02-22 03:53:31,17676,16645,321
2025-02-23 03:53:23,17676,16645,321
2025-02-24 03:53:21,17676,16645,321
2025-02-25 03:53:14,17676,16645,321
2025-02-26 03:53:18,17676,16645,321
2025-02-27 03:53:15,17676,16645,321
2025-02-28 03:53:17,17676,16645,321
2025-03-01 03:53:12,17676,16645,321
2025-03-02 03:53:15,17676,16645,321
2025-03-03 03:54:08,17676,16645,321
2025-03-04 03:53:26,17676,16645,321
2025-03-05 03:53:25,17676,16645,321
2025-03-06 03:53:24,17676,16645,321
2025-03-07 03:53:13,17676,16645,321
2025-03-08 03:53:24,17676,16645,321
2025-03-09 03:53:32,17676,16645,321
2025-03-10 03:53:22,17676,16646,321
2025-03-11 03:53:18,17676,16646,321
2025-03-12 03:53:22,17676,16646,321
2025-03-13 03:55:14,17676,16646,321
2025-03-14 03:54:41,17676,16646,321
2025-03-15 03:53:18,17676,16646,321
2025-03-16 03:54:21,17676,16646,321
2025-03-17 03:54:56,17676,16646,321
2025-03-18 03:54:21,17676,16646,321
2025-03-19 03:53:43,17676,16646,321
2025-03-20 03:53:36,17676,16646,321
2025-03-21 03:55:07,17676,16646,321
2025-03-22 03:54:10,17676,16646,321
2025-03-23 03:54:18,17676,16646,321
2025-03-24 03:55:11,17676,16646,321
2025-03-25 03:54:43,17676,16646,321
2025-03-26 03:54:01,17676,16646,321
2025-03-27 03:55:54,17676,16646,321
2025-03-28 03:55:27,17676,16646,321
2025-03-28 21:54:24,17676,16646,321
2025-03-29 03:53:24,17676,16646,321
2025-03-30 03:56:22,17676,16646,321
2025-03-31 03:55:55,17676,16646,321
2025-04-01 04:00:07,17676,16646,321
2025-04-02 03:56:45,17676,16646,321
2025-04-03 03:56:12,17676,16646,321
2025-04-04 03:54:56,17676,16646,321
2025-04-05 03:53:21,17676,16646,321
2025-04-06 03:54:26,17676,16646,321
2025-04-07 03:55:27,17676,16646,321
2025-04-08 03:55:19,17676,16646,321
2025-04-09 03:55:29,17676,16646,321
2025-04-10 03:55:43,17676,16646,321
2025-04-11 03:55:33,17676,16646,321
2025-04-12 03:53:40,17676,16646,321
2025-04-13 04:40:57,17676,16646,321
2025-04-14 03:57:41,17676,16646,321
2025-04-15 03:56:21,17676,16646,321
2025-04-16 03:56:33,17676,16646,321
2025-04-17 03:56:25,17676,16646,321
2025-04-18 03:55:27,17676,16646,321
2025-04-19 03:54:37,17676,16646,321
2025-04-20 03:56:51,17676,16646,321
2025-04-21 03:59:54,17676,16646,321
2025-04-22 03:57:39,17676,16646,321
2025-04-23 03:56:04,17676,16646,321
2025-04-24 03:56:48,17676,16646,321
2025-04-25 03:56:22,17676,16646,321
2025-04-26 03:55:15,17676,16646,321
2025-04-27 03:56:42,17676,16646,321
2025-04-28 03:59:16,17676,16646,321
2025-04-29 03:56:50,17676,16646,321
2025-04-30 03:56:46,17676,16646,321
2025-05-01 04:02:57,17676,16646,321
2025-05-02 03:58:46,17676,16646,321
2025-05-03 03:56:25,17676,16646,321
2025-05-04 04:01:32,17676,16646,321
2025-05-05 04:00:43,17676,16646,321
2025-05-06 03:57:57,17676,16646,321
2025-05-07 03:59:40,17676,16646,321
2025-05-08 04:00:10,17676,16646,321
2025-05-09 04:00:05,17676,16646,321
2025-05-10 03:56:31,17676,16646,321
2025-05-11 04:00:40,17676,16646,321
2025-05-12 04:01:44,17676,16646,321
2025-05-13 04:00:35,17676,16646,321
2025-05-14 03:59:44,17676,16646,321
2025-05-15 03:59:46,17676,16646,321
2025-05-16 04:01:12,17676,16646,321
2025-05-17 03:56:38,17676,16646,321
2025-05-18 04:03:41,17676,16646,321
2025-05-19 04:15:10,17676,16646,321
2025-05-20 04:00:33,17676,16646,321
2025-05-21 04:00:45,17676,16646,321
2025-05-22 04:00:27,17676,16646,321
2025-05-23 04:00:01,17676,16646,321
2025-05-24 03:56:31,17676,16646,321
2025-05-25 04:13:27,17676,16646,321
2025-05-26 04:03:19,17676,16646,321
2025-05-27 04:03:37,17676,16646,321
2025-05-28 04:01:09,17676,16646,321
2025-05-29 04:01:58,17676,16646,321
2025-05-30 04:00:18,17676,16646,321
2025-05-31 03:59:44,17676,16646,321
2025-06-01 04:23:01,17676,16646,321
2025-06-02 04:17:54,17676,16646,321
2025-06-03 04:13:55,17676,16646,321
2025-06-04 04:13:56,17676,16646,321
2025-06-05 04:15:09,17676,16647,321
2025-06-06 04:03:35,17676,16647,321
2025-06-07 04:00:41,17676,16647,321
2025-06-08 04:18:30,17676,16647,321
2025-06-09 04:18:46,17676,16647,321
2025-06-10 04:16:01,17676,16647,321
2025-06-11 04:16:31,17676,16647,321
2025-06-12 04:14:30,17676,16647,321
2025-06-13 04:15:16,17676,16647,321
2025-06-14 04:00:44,17676,16647,321
2025-06-15 04:17:26,17676,16647,321
2025-06-16 04:19:32,17676,16647,321
2025-06-17 04:16:06,17676,16647,321
2025-06-18 04:16:15,17676,16647,321
2025-06-19 04:15:49,17676,16647,321
2025-06-20 04:14:21,17676,16647,321
2025-06-21 04:01:38,17676,16647,321
2025-06-22 04:18:21,17676,16647,321
2025-06-23 04:21:21,17676,16647,321
2025-06-24 04:17:24,17676,16647,321
2025-06-25 04:18:09,17676,16647,321
2025-06-26 04:16:18,17676,16647,321
2025-06-27 04:16:41,17676,16647,321
2025-06-28 04:01:23,17676,16647,321
2025-06-29 04:21:28,17676,16647,321
2025-06-30 04:20:30,17676,16647,321
2025-07-01 04:25:13,17676,16647,321
2025-07-02 04:17:30,17676,16647,321
2025-07-03 04:19:37,17676,16647,321
2025-07-04 04:17:15,17676,16647,321
2025-07-05 04:02:45,17676,16647,321
2025-07-06 04:20:47,17676,16647,321
2025-07-07 04:21:29,17676,16647,321
2025-07-08 04:17:59,17676,16647,321
2025-07-09 04:21:30,17676,16647,321
2025-07-10 04:19:37,17676,16647,321
2025-07-11 04:23:26,17676,16647,321
2025-07-12 04:18:39,17676,16647,321
2025-07-13 04:24:54,17676,16647,321
2025-07-14 04:29:06,17676,16647,321
2025-07-15 04:26:07,17676,16647,321
2025-07-16 04:24:42,17676,16647,321
2025-07-17 04:24:05,17676,16647,321
2025-07-18 04:25:43,17676,16647,321
2025-07-19 04:18:27,17676,16647,321
2025-07-20 04:31:23,17676,16647,321
2025-07-21 04:31:41,17676,16647,321
2025-07-22 04:25:57,17676,16647,321
2025-07-23 04:27:50,17676,16647,321
2025-07-24 04:26:24,17676,16647,321
2025-07-25 04:25:44,17676,16647,321
2025-07-26 04:22:14,17676,16647,321
2025-07-27 04:32:35,17676,16647,321
2025-07-28 04:34:20,17676,16647,321
2025-07-29 04:35:50,17676,16647,321
2025-07-30 04:31:33,17676,16647,321
2025-07-31 04:29:40,17676,16647,321
2025-08-01 04:41:52,17676,16647,321
2025-08-02 04:21:40,17676,16647,321
2025-08-03 04:36:53,17676,16647,321
2025-08-04 04:44:55,17676,16647,321
2025-08-05 04:36:25,17676,16647,321
2025-08-06 04:33:15,17676,16647,321
2025-08-07 04:33:08,17676,16647,321
2025-08-08 04:32:44,17676,16647,321
2025-08-09 04:16:43,17676,16647,321
2025-08-10 04:28:49,17676,16647,321
2025-08-11 04:31:35,17676,16647,321
2025-08-12 04:15:33,17676,16647,321
2025-08-13 04:17:52,17676,16647,321
2025-08-14 04:17:22,17676,16647,321
2025-08-15 04:18:07,17676,16647,321
2025-08-16 04:02:09,17676,16647,321
2025-08-17 04:19:50,17676,16647,321
2025-08-18 04:25:50,17676,16647,321
2025-08-19 03:59:32,17676,16647,321
2025-08-20 03:58:29,17676,16647,321
2025-08-21 03:58:15,17676,16647,321
2025-08-22 03:58:17,17676,16647,321
2025-08-23 03:55:25,17676,16647,321
2025-08-24 04:13:01,17676,16647,321
2025-08-25 04:03:41,17676,16647,321
2025-08-26 03:59:24,17676,16647,321
2025-08-27 03:54:58,17676,16647,321
2025-08-28 03:55:20,17676,16647,321
2025-08-29 03:54:55,17676,16647,321
